bank_txn_id,value_date,amount,bank_reference,txn_type,narration
BNK-000007,2026-08-02,222655.73,TXN-414910,CREDIT,GATEWAY SETTLEMENT TXN-414910
BNK-000115,2026-08-02,49536.99,TXN-670511,CREDIT,GATEWAY SETTLEMENT TXN-670511
BNK-000181,2026-08-02,15399.0,TXN-733760,CREDIT,GATEWAY SETTLEMENT TXN-733760
BNK-000189,2026-08-02,15643.26,TXN-952657,CREDIT,GATEWAY SETTLEMENT TXN-952657
BNK-000201,2026-08-02,131688.0,TXN-499226,CREDIT,GATEWAY SETTLEMENT TXN-499226
BNK-000204,2026-08-02,80712.0,TXN-436241,CREDIT,GATEWAY SETTLEMENT TXN-436241
BNK-000254,2026-08-02,790600.0,TXN-615929,CREDIT,GATEWAY SETTLEMENT TXN-615929
BNK-000277,2026-08-02,41418.0,TXN-617033,CREDIT,GATEWAY SETTLEMENT TXN-617033
BNK-000290,2026-08-02,208055.36,TXN-690016,CREDIT,GATEWAY SETTLEMENT TXN-690016
BNK-000300,2026-08-02,25570.6,TXN-843826,CREDIT,GATEWAY SETTLEMENT TXN-843826
BNK-000011,2026-08-03,30428.42,TXN-760356,CREDIT,GATEWAY SETTLEMENT TXN-760356
BNK-000023,2026-08-03,307956.64,TXN-368690,CREDIT,GATEWAY SETTLEMENT TXN-368690
BNK-000073,2026-08-03,21240.0,TXN-970127,CREDIT,GATEWAY SETTLEMENT TXN-970127
BNK-000086,2026-08-03,276887.0,TXN-265055,CREDIT,GATEWAY SETTLEMENT TXN-265055
BNK-000148,2026-08-03,572418.0,TXN-759580,CREDIT,GATEWAY SETTLEMENT TXN-759580
BNK-000168,2026-08-03,279492.91,TXN-461264,CREDIT,GATEWAY SETTLEMENT TXN-461264
BNK-000173,2026-08-03,16802.02,TXN-726822,CREDIT,GATEWAY SETTLEMENT TXN-726822
BNK-000269,2026-08-03,568655.27,TXN-614259,CREDIT,GATEWAY SETTLEMENT TXN-614259
BNK-000279,2026-08-03,221840.0,TXN-178645,CREDIT,GATEWAY SETTLEMENT TXN-178645
BNK-000297,2026-08-03,38232.0,TXN-597635,CREDIT,GATEWAY SETTLEMENT TXN-597635
BNK-000026,2026-08-04,598584.5,TXN-990844,CREDIT,GATEWAY SETTLEMENT TXN-990844
BNK-000035,2026-08-04,15738.84,TXN-112861,CREDIT,GATEWAY SETTLEMENT TXN-112861
BNK-000064,2026-08-04,35979.5,TXN-442589,CREDIT,GATEWAY SETTLEMENT TXN-442589
BNK-000184,2026-08-04,223639.5,TXN-341192,CREDIT,GATEWAY SETTLEMENT TXN-341192
BNK-000224,2026-08-04,320081.37,TXN-465509,CREDIT,GATEWAY SETTLEMENT TXN-465509
BNK-000249,2026-08-04,16059.45,TXN-287654,CREDIT,GATEWAY SETTLEMENT TXN-287654
BNK-000263,2026-08-04,104925.6,TXN-501320,CREDIT,GATEWAY SETTLEMENT TXN-501320
BNK-000047,2026-08-05,15738.84,TXN-154118,CREDIT,GATEWAY SETTLEMENT TXN-154118
BNK-000151,2026-08-05,553894.07,TXN-581992,CREDIT,GATEWAY SETTLEMENT TXN-581992
BNK-000174,2026-08-05,280250.0,TXN-327823,CREDIT,GATEWAY SETTLEMENT TXN-327823
BNK-000187,2026-08-05,20336.24,TXN-258366,CREDIT,GATEWAY SETTLEMENT TXN-258366
BNK-000270,2026-08-05,8743.8,TXN-447848,CREDIT,GATEWAY SETTLEMENT TXN-447848
BNK-000037,2026-08-06,323873.42,TXN-901577,CREDIT,GATEWAY SETTLEMENT TXN-901577
BNK-000098,2026-08-06,231477.53,TXN-258189,CREDIT,GATEWAY SETTLEMENT TXN-258189
BNK-000101,2026-08-06,218772.0,TXN-185461,CREDIT,GATEWAY SETTLEMENT TXN-185461
BNK-000114,2026-08-06,20709.0,TXN-250551,CREDIT,GATEWAY SETTLEMENT TXN-250551
BNK-000203,2026-08-06,550116.0,TXN-212168,CREDIT,GATEWAY SETTLEMENT TXN-212168
BNK-000230,2026-08-06,86126.43,TXN-706007,CREDIT,GATEWAY SETTLEMENT TXN-706007
BNK-000272,2026-08-06,560373.89,TXN-265154,CREDIT,GATEWAY SETTLEMENT TXN-265154
BNK-000275,2026-08-06,41715.36,TXN-843404,CREDIT,GATEWAY SETTLEMENT TXN-843404
BNK-000295,2026-08-06,607110.0,TXN-160426,CREDIT,GATEWAY SETTLEMENT TXN-160426
BNK-000022,2026-08-07,107417.05,TXN-132537,CREDIT,GATEWAY SETTLEMENT TXN-132537
BNK-000043,2026-08-07,808300.0,TXN-976566,CREDIT,GATEWAY SETTLEMENT TXN-976566
BNK-000057,2026-08-07,108981.38,TXN-440131,CREDIT,GATEWAY SETTLEMENT TXN-440131
BNK-000067,2026-08-07,195992.84,TXN-499534,CREDIT,GATEWAY SETTLEMENT TXN-499534
BNK-000122,2026-08-07,562401.22,TXN-823270,CREDIT,GATEWAY SETTLEMENT TXN-823270
BNK-000192,2026-08-07,464298.25,TXN-109909,CREDIT,GATEWAY SETTLEMENT TXN-109909 (PARTIAL)
BNK-000193,2026-08-07,49383.0,TXN-825916,CREDIT,GATEWAY SETTLEMENT TXN-825916
BNK-000196,2026-08-07,704750.28,TXN-442230,CREDIT,GATEWAY SETTLEMENT TXN-442230
BNK-000234,2026-08-07,208801.94,TXN-108454,CREDIT,GATEWAY SETTLEMENT TXN-108454
BNK-000239,2026-08-07,15691.05,TXN-642899,CREDIT,GATEWAY SETTLEMENT TXN-642899
BNK-000262,2026-08-07,196470.0,TXN-988432,CREDIT,GATEWAY SETTLEMENT TXN-988432
BNK-000286,2026-08-07,56484.95,TXN-820442,CREDIT,GATEWAY SETTLEMENT TXN-820442
BNK-000006,2026-08-08,626078.5,TXN-146542,CREDIT,GATEWAY SETTLEMENT TXN-146542
BNK-000027,2026-08-08,315796.91,TXN-947458,CREDIT,GATEWAY SETTLEMENT TXN-947458
BNK-000068,2026-08-08,216671.36,TXN-416869,CREDIT,GATEWAY SETTLEMENT TXN-416869
BNK-000083,2026-08-08,56313.44,TXN-899649,CREDIT,GATEWAY SETTLEMENT TXN-899649
BNK-000099,2026-08-08,300203.8,TXN-649525,CREDIT,GATEWAY SETTLEMENT TXN-649525
BNK-000256,2026-08-08,155167.05,TXN-430310,CREDIT,GATEWAY SETTLEMENT TXN-430310
BNK-000024,2026-08-09,18829.26,TXN-810250,CREDIT,GATEWAY SETTLEMENT TXN-810250
BNK-000069,2026-08-09,93569.87,TXN-346205,CREDIT,GATEWAY SETTLEMENT TXN-346205
BNK-000127,2026-08-09,69030.0,TXN-242321,CREDIT,GATEWAY SETTLEMENT TXN-242321
BNK-000144,2026-08-09,187711.45,TXN-251275,CREDIT,GATEWAY SETTLEMENT TXN-251275
BNK-000163,2026-08-09,59625.99,TXN-744481,CREDIT,GATEWAY SETTLEMENT TXN-744481
BNK-000225,2026-08-09,30428.42,TXN-746081,CREDIT,GATEWAY SETTLEMENT TXN-746081
BNK-000235,2026-08-09,312285.82,TXN-945106,CREDIT,GATEWAY SETTLEMENT TXN-945106
BNK-000261,2026-08-09,99096.4,TXN-819622,CREDIT,GATEWAY SETTLEMENT TXN-819622
BNK-000051,2026-08-10,39750.66,TXN-102689,CREDIT,GATEWAY SETTLEMENT TXN-102689
BNK-000082,2026-08-10,478683.76,TXN-729575,CREDIT,GATEWAY SETTLEMENT TXN-729575
BNK-000126,2026-08-10,102070.0,TXN-642895,CREDIT,GATEWAY SETTLEMENT TXN-642895
BNK-000132,2026-08-10,338070.0,TXN-272655,CREDIT,GATEWAY SETTLEMENT TXN-272655
BNK-000164,2026-08-10,585892.89,TXN-663628,CREDIT,GATEWAY SETTLEMENT TXN-663628
BNK-000221,2026-08-10,43194.37,TXN-844638,CREDIT,GATEWAY SETTLEMENT TXN-844638
BNK-000238,2026-08-10,16562.78,TXN-246622,CREDIT,GATEWAY SETTLEMENT TXN-246622
BNK-000271,2026-08-10,316240.0,TXN-216308,CREDIT,GATEWAY SETTLEMENT TXN-216308
BNK-000016,2026-08-11,20336.24,TXN-527398,CREDIT,GATEWAY SETTLEMENT TXN-527398
BNK-000055,2026-08-11,465170.16,TXN-184216,CREDIT,GATEWAY SETTLEMENT TXN-184216
BNK-000095,2026-08-11,95285.0,TXN-260295,CREDIT,GATEWAY SETTLEMENT TXN-260295
BNK-000102,2026-08-11,55931.17,TXN-930117,CREDIT,GATEWAY SETTLEMENT TXN-930117
BNK-000113,2026-08-11,824820.0,TXN-769989,CREDIT,GATEWAY SETTLEMENT TXN-769989
BNK-000139,2026-08-11,188283.16,TXN-267457,CREDIT,GATEWAY SETTLEMENT TXN-267457
BNK-000146,2026-08-11,75840.08,TXN-452713,CREDIT,GATEWAY SETTLEMENT TXN-452713
BNK-000154,2026-08-11,463757.7,TXN-602351,CREDIT,GATEWAY SETTLEMENT TXN-602351
BNK-000212,2026-08-11,58056.88,TXN-202365,CREDIT,GATEWAY SETTLEMENT TXN-202365
BNK-000219,2026-08-11,68114.2,TXN-663483,CREDIT,GATEWAY SETTLEMENT TXN-663483
BNK-000289,2026-08-11,477007.92,TXN-389617,CREDIT,GATEWAY SETTLEMENT TXN-389617
BNK-000292,2026-08-11,236665.52,TXN-490532,CREDIT,GATEWAY SETTLEMENT TXN-490532
BNK-000301,2026-08-11,5782.0,TXN-T1-01,CREDIT,GATEWAY SETTLEMENT TXN-T1-01
BNK-000049,2026-08-12,26072.1,TXN-223172,CREDIT,GATEWAY SETTLEMENT TXN-223172
BNK-000100,2026-08-12,82561.65,TXN-761532,CREDIT,GATEWAY SETTLEMENT TXN-761532
BNK-000106,2026-08-12,340641.07,TXN-884897,CREDIT,GATEWAY SETTLEMENT TXN-884897
BNK-000137,2026-08-12,65578.5,TXN-853258,CREDIT,GATEWAY SETTLEMENT TXN-853258
BNK-000160,2026-08-12,514539.0,TXN-740632,CREDIT,GATEWAY SETTLEMENT TXN-740632
BNK-000186,2026-08-12,579380.0,TXN-135466,CREDIT,GATEWAY SETTLEMENT TXN-135466
BNK-000222,2026-08-12,8690.7,TXN-335765,CREDIT,GATEWAY SETTLEMENT TXN-335765
BNK-000223,2026-08-12,23536.57,TXN-669488,CREDIT,GATEWAY SETTLEMENT TXN-669488
BNK-000237,2026-08-12,296822.86,TXN-327797,CREDIT,GATEWAY SETTLEMENT TXN-327797
BNK-000259,2026-08-12,64333.31,TXN-638401,CREDIT,GATEWAY SETTLEMENT TXN-638401
BNK-000288,2026-08-12,16802.02,TXN-556542,CREDIT,GATEWAY SETTLEMENT TXN-556542
BNK-000065,2026-08-13,30336.03,TXN-272537,CREDIT,GATEWAY SETTLEMENT TXN-272537
BNK-000096,2026-08-13,588348.0,TXN-171603,CREDIT,GATEWAY SETTLEMENT TXN-171603
BNK-000128,2026-08-13,1066468.36,TXN-992717,CREDIT,GATEWAY SETTLEMENT TXN-992717
BNK-000129,2026-08-13,107840.2,TXN-478427,CREDIT,GATEWAY SETTLEMENT TXN-478427
BNK-000218,2026-08-13,849157.5,TXN-222629,CREDIT,GATEWAY SETTLEMENT TXN-222629
BNK-000220,2026-08-13,83662.47,TXN-476479,CREDIT,GATEWAY SETTLEMENT TXN-476479
BNK-000264,2026-08-13,55591.51,TXN-749253,CREDIT,GATEWAY SETTLEMENT TXN-749253
BNK-000306,2026-08-13,-2500.0,RFD-REF-TEST-001A,DEBIT,REFUND PAYOUT REF-TEST-001A
BNK-000004,2026-08-14,59590.0,TXN-444207,CREDIT,GATEWAY SETTLEMENT TXN-444207
BNK-000025,2026-08-14,8717.25,TXN-817497,CREDIT,GATEWAY SETTLEMENT TXN-817497
BNK-000041,2026-08-14,368775.37,TXN-273982,CREDIT,GATEWAY SETTLEMENT TXN-273982
BNK-000143,2026-08-14,193522.95,TXN-753516,CREDIT,GATEWAY SETTLEMENT TXN-753516
BNK-000166,2026-08-14,60770.0,TXN-711474,CREDIT,GATEWAY SETTLEMENT TXN-711474
BNK-000205,2026-08-14,63130.24,TXN-919959,CREDIT,GATEWAY SETTLEMENT TXN-919959
BNK-000240,2026-08-14,356478.0,TXN-769077,CREDIT,GATEWAY SETTLEMENT TXN-769077
BNK-000281,2026-08-14,1100822.0,TXN-511987,CREDIT,GATEWAY SETTLEMENT TXN-511987
BNK-000307,2026-08-14,-2500.0,RFD-REF-TEST-001B,DEBIT,REFUND PAYOUT REF-TEST-001B
BNK-000010,2026-08-15,344405.17,TXN-945742,CREDIT,GATEWAY SETTLEMENT TXN-945742 (PARTIAL)
BNK-000039,2026-08-15,340096.06,TXN-102805,CREDIT,GATEWAY SETTLEMENT TXN-102805
BNK-000074,2026-08-15,18829.26,TXN-251716,CREDIT,GATEWAY SETTLEMENT TXN-251716
BNK-000195,2026-08-15,223335.95,TXN-892313,CREDIT,GATEWAY SETTLEMENT TXN-892313
BNK-000216,2026-08-15,269363.03,TXN-306647,CREDIT,GATEWAY SETTLEMENT TXN-306647
BNK-000226,2026-08-15,180540.0,TXN-838253,CREDIT,GATEWAY SETTLEMENT TXN-838253
BNK-000299,2026-08-15,261517.5,TXN-529399,CREDIT,GATEWAY SETTLEMENT TXN-529399
BNK-000038,2026-08-16,102376.45,TXN-876039,CREDIT,GATEWAY SETTLEMENT TXN-876039
BNK-000084,2026-08-16,26151.75,TXN-899444,CREDIT,GATEWAY SETTLEMENT TXN-899444
BNK-000091,2026-08-16,481783.38,TXN-428267,CREDIT,GATEWAY SETTLEMENT TXN-428267
BNK-000094,2026-08-16,23364.0,TXN-466346,CREDIT,GATEWAY SETTLEMENT TXN-466346
BNK-000110,2026-08-16,41406.94,TXN-504924,CREDIT,GATEWAY SETTLEMENT TXN-504924
BNK-000111,2026-08-16,18829.26,TXN-253143,CREDIT,GATEWAY SETTLEMENT TXN-253143
BNK-000133,2026-08-16,215025.5,TXN-755383,CREDIT,GATEWAY SETTLEMENT TXN-755383
BNK-000156,2026-08-16,260190.0,TXN-677086,CREDIT,GATEWAY SETTLEMENT TXN-677086
BNK-000158,2026-08-16,329013.5,TXN-403528,CREDIT,GATEWAY SETTLEMENT TXN-403528
BNK-000178,2026-08-16,282774.49,TXN-655736,CREDIT,GATEWAY SETTLEMENT TXN-655736
BNK-000302,2026-08-16,11800.0,TXN-T2-01,CREDIT,GATEWAY SETTLEMENT TXN-T2-01
BNK-000002,2026-08-17,227150.0,TXN-125990,CREDIT,GATEWAY SETTLEMENT TXN-125990
BNK-000053,2026-08-17,78694.2,TXN-930884,CREDIT,GATEWAY SETTLEMENT TXN-930884
BNK-000117,2026-08-17,308619.71,TXN-774020,CREDIT,GATEWAY SETTLEMENT TXN-774020
BNK-000165,2026-08-17,43453.5,TXN-969032,CREDIT,GATEWAY SETTLEMENT TXN-969032
BNK-000179,2026-08-17,307129.34,TXN-859782-B,CREDIT,GATEWAY SETTLEMENT TXN-859782-B
BNK-000185,2026-08-17,53512.06,TXN-276405,CREDIT,GATEWAY SETTLEMENT TXN-276405
BNK-000198,2026-08-17,128143.58,TXN-211726,CREDIT,GATEWAY SETTLEMENT TXN-211726
BNK-000214,2026-08-17,78470.0,TXN-771590,CREDIT,GATEWAY SETTLEMENT TXN-771590
BNK-000228,2026-08-17,625266.9,TXN-933197,CREDIT,GATEWAY SETTLEMENT TXN-933197
BNK-000266,2026-08-17,94407.82,TXN-383572,CREDIT,GATEWAY SETTLEMENT TXN-383572
BNK-000287,2026-08-17,39825.0,TXN-893969,CREDIT,GATEWAY SETTLEMENT TXN-893969
BNK-000021,2026-08-18,62938.55,TXN-972335,CREDIT,GATEWAY SETTLEMENT TXN-972335
BNK-000075,2026-08-18,98795.5,TXN-926730,CREDIT,GATEWAY SETTLEMENT TXN-926730
BNK-000090,2026-08-18,199656.0,TXN-498676,CREDIT,GATEWAY SETTLEMENT TXN-498676
BNK-000183,2026-08-18,36089.41,TXN-488712,CREDIT,GATEWAY SETTLEMENT TXN-488712
BNK-000217,2026-08-18,72178.83,TXN-986589,CREDIT,GATEWAY SETTLEMENT TXN-986589
BNK-000285,2026-08-18,72216.0,TXN-830302,CREDIT,GATEWAY SETTLEMENT TXN-830302
BNK-DUP-002,2026-08-18,78694.2,TXN-930884,CREDIT,GATEWAY SETTLEMENT TXN-930884 (REPRESENTED)
BNK-000005,2026-08-19,1162300.0,TXN-708792,CREDIT,GATEWAY SETTLEMENT TXN-708792
BNK-000015,2026-08-19,262098.65,TXN-666390,CREDIT,GATEWAY SETTLEMENT TXN-666390
BNK-000030,2026-08-19,751070.0,TXN-599219,CREDIT,GATEWAY SETTLEMENT TXN-599219
BNK-000062,2026-08-19,7869.42,TXN-400096,CREDIT,GATEWAY SETTLEMENT TXN-400096
BNK-000071,2026-08-19,582920.0,TXN-997004,CREDIT,GATEWAY SETTLEMENT TXN-997004
BNK-000079,2026-08-19,669763.28,TXN-786516,CREDIT,GATEWAY SETTLEMENT TXN-786516
BNK-000180,2026-08-19,355770.0,TXN-319036,CREDIT,GATEWAY SETTLEMENT TXN-319036
BNK-000194,2026-08-19,177290.28,TXN-991737,CREDIT,GATEWAY SETTLEMENT TXN-991737
BNK-000197,2026-08-19,61468.91,TXN-909676,CREDIT,GATEWAY SETTLEMENT TXN-909676
BNK-000202,2026-08-19,58696.15,TXN-414313,CREDIT,GATEWAY SETTLEMENT TXN-414313
BNK-000227,2026-08-19,476838.0,TXN-253347,CREDIT,GATEWAY SETTLEMENT TXN-253347
BNK-000255,2026-08-19,88915.95,TXN-884229,CREDIT,GATEWAY SETTLEMENT TXN-884229
BNK-000268,2026-08-19,345203.1,TXN-873959,CREDIT,GATEWAY SETTLEMENT TXN-873959
BNK-000308,2026-08-19,-10000.0,RFD-REF-TEST-002A,DEBIT,REFUND PAYOUT REF-TEST-002A
BNK-UNK-001,2026-08-19,48500.0,NEFT-UNIDENTIFIED-8891,CREDIT,NEFT INWARD UNIDENTIFIED REMITTER
BNK-000042,2026-08-20,700866.9,TXN-666211,CREDIT,GATEWAY SETTLEMENT TXN-666211
BNK-000060,2026-08-20,223335.95,TXN-986365,CREDIT,GATEWAY SETTLEMENT TXN-986365
BNK-000066,2026-08-20,54561.31,TXN-943671,CREDIT,GATEWAY SETTLEMENT TXN-943671
BNK-000112,2026-08-20,825616.5,TXN-119927,CREDIT,GATEWAY SETTLEMENT TXN-119927
BNK-000153,2026-08-20,111862.35,TXN-958130,CREDIT,GATEWAY SETTLEMENT TXN-958130
BNK-000243,2026-08-20,689011.44,TXN-636141,CREDIT,GATEWAY SETTLEMENT TXN-636141
BNK-000265,2026-08-20,139004.0,TXN-309146,CREDIT,GATEWAY SETTLEMENT TXN-309146
BNK-000291,2026-08-20,600174.43,TXN-280564,CREDIT,GATEWAY SETTLEMENT TXN-280564
BNK-000009,2026-08-21,50560.05,TXN-563246,CREDIT,GATEWAY SETTLEMENT TXN-563246
BNK-000052,2026-08-21,65345.33,TXN-437408,CREDIT,GATEWAY SETTLEMENT TXN-437408
BNK-000097,2026-08-21,28242.47,TXN-159653,CREDIT,GATEWAY SETTLEMENT TXN-159653
BNK-000159,2026-08-21,96181.8,TXN-302177,CREDIT,GATEWAY SETTLEMENT TXN-302177
BNK-000176,2026-08-21,610087.14,TXN-774565,CREDIT,GATEWAY SETTLEMENT TXN-774565
BNK-000199,2026-08-21,141066.64,TXN-684041,CREDIT,GATEWAY SETTLEMENT TXN-684041
BNK-000252,2026-08-21,395182.0,TXN-752966,CREDIT,GATEWAY SETTLEMENT TXN-752966
BNK-000260,2026-08-21,56817.0,TXN-584487,CREDIT,GATEWAY SETTLEMENT TXN-584487
BNK-000293,2026-08-21,332417.8,TXN-564635,CREDIT,GATEWAY SETTLEMENT TXN-564635
BNK-000309,2026-08-21,-5800.0,RFD-REF-TEST-002B,DEBIT,REFUND PAYOUT REF-TEST-002B
BNK-000033,2026-08-22,291460.0,TXN-859782-A,CREDIT,GATEWAY SETTLEMENT TXN-859782-A
BNK-000076,2026-08-22,33809.36,TXN-219169,CREDIT,GATEWAY SETTLEMENT TXN-219169
BNK-000081,2026-08-22,174876.0,TXN-880758,CREDIT,GATEWAY SETTLEMENT TXN-880758
BNK-000087,2026-08-22,111929.49,TXN-794093,CREDIT,GATEWAY SETTLEMENT TXN-794093
BNK-000119,2026-08-22,33630.0,TXN-474314,CREDIT,GATEWAY SETTLEMENT TXN-474314
BNK-000140,2026-08-22,30428.42,TXN-621530,CREDIT,GATEWAY SETTLEMENT TXN-621530
BNK-000236,2026-08-22,39825.0,TXN-656278,CREDIT,GATEWAY SETTLEMENT TXN-656278
BNK-000257,2026-08-22,61993.66,TXN-210790,CREDIT,GATEWAY SETTLEMENT TXN-210790
BNK-000267,2026-08-22,75933.0,TXN-359896,CREDIT,GATEWAY SETTLEMENT TXN-359896
BNK-000003,2026-08-23,281200.61,TXN-140605,CREDIT,GATEWAY SETTLEMENT TXN-140605
BNK-000104,2026-08-23,33604.04,TXN-908320,CREDIT,GATEWAY SETTLEMENT TXN-908320
BNK-000120,2026-08-23,219294.5,TXN-295892,CREDIT,GATEWAY SETTLEMENT TXN-295892
BNK-000135,2026-08-23,703001.52,TXN-770030,CREDIT,GATEWAY SETTLEMENT TXN-770030
BNK-000276,2026-08-23,192999.91,TXN-925250,CREDIT,GATEWAY SETTLEMENT TXN-925250
BNK-000303,2026-08-23,58800.0,TXN-T5-PARTIAL,CREDIT,GATEWAY SETTLEMENT TXN-T5-PARTIAL
BNK-000058,2026-08-24,51507.0,TXN-283573,CREDIT,GATEWAY SETTLEMENT TXN-283573
BNK-000063,2026-08-24,265500.0,TXN-201883,CREDIT,GATEWAY SETTLEMENT TXN-201883
BNK-000085,2026-08-24,15214.21,TXN-248766,CREDIT,GATEWAY SETTLEMENT TXN-248766
BNK-000138,2026-08-24,40425.5,TXN-380464,CREDIT,GATEWAY SETTLEMENT TXN-380464
BNK-000191,2026-08-24,62215.5,TXN-336828,CREDIT,GATEWAY SETTLEMENT TXN-336828
BNK-000298,2026-08-24,309005.89,TXN-270820,CREDIT,GATEWAY SETTLEMENT TXN-270820
BNK-000072,2026-08-25,797226.88,TXN-322409,CREDIT,GATEWAY SETTLEMENT TXN-322409
BNK-000125,2026-08-25,28243.89,TXN-565504,CREDIT,GATEWAY SETTLEMENT TXN-565504
BNK-000130,2026-08-25,17487.6,TXN-853789,CREDIT,GATEWAY SETTLEMENT TXN-853789
BNK-000233,2026-08-25,488166.0,TXN-833417,CREDIT,GATEWAY SETTLEMENT TXN-833417
BNK-000248,2026-08-25,18771.91,TXN-876764,CREDIT,GATEWAY SETTLEMENT TXN-876764
BNK-000251,2026-08-25,8690.7,TXN-172274,CREDIT,GATEWAY SETTLEMENT TXN-172274
BNK-000253,2026-08-25,318364.0,TXN-463251,CREDIT,GATEWAY SETTLEMENT TXN-463251
BNK-000012,2026-08-26,40120.0,TXN-943170,CREDIT,GATEWAY SETTLEMENT TXN-943170
BNK-000029,2026-08-26,207586.78,TXN-370902,CREDIT,GATEWAY SETTLEMENT TXN-370902
BNK-000059,2026-08-26,313202.92,TXN-799233,CREDIT,GATEWAY SETTLEMENT TXN-799233
BNK-000061,2026-08-26,129712.68,TXN-970357,CREDIT,GATEWAY SETTLEMENT TXN-970357
BNK-000070,2026-08-26,47885.76,TXN-613117,CREDIT,GATEWAY SETTLEMENT TXN-613117
BNK-000108,2026-08-26,40979.28,TXN-489244,CREDIT,GATEWAY SETTLEMENT TXN-489244
BNK-000149,2026-08-26,289690.0,TXN-119857,CREDIT,GATEWAY SETTLEMENT TXN-119857
BNK-000206,2026-08-26,131688.0,TXN-904905,CREDIT,GATEWAY SETTLEMENT TXN-904905
BNK-000046,2026-08-27,435693.76,TXN-668950,CREDIT,GATEWAY SETTLEMENT TXN-668950
BNK-000092,2026-08-27,595307.05,TXN-823108,CREDIT,GATEWAY SETTLEMENT TXN-823108
BNK-000124,2026-08-27,97056.18,TXN-232361,CREDIT,GATEWAY SETTLEMENT TXN-232361
BNK-000141,2026-08-27,147857.66,TXN-662761,CREDIT,GATEWAY SETTLEMENT TXN-662761
BNK-000182,2026-08-27,16613.22,TXN-780233,CREDIT,GATEWAY SETTLEMENT TXN-780233
BNK-000210,2026-08-27,113605.16,TXN-492292,CREDIT,GATEWAY SETTLEMENT TXN-492292 (PARTIAL)
BNK-000215,2026-08-27,276887.0,TXN-104666,CREDIT,GATEWAY SETTLEMENT TXN-104666
BNK-000274,2026-08-27,112110.03,TXN-247475,CREDIT,GATEWAY SETTLEMENT TXN-247475
BNK-000280,2026-08-27,302139.0,TXN-206176,CREDIT,GATEWAY SETTLEMENT TXN-206176
BNK-000284,2026-08-27,243660.56,TXN-295646,CREDIT,GATEWAY SETTLEMENT TXN-295646
BNK-000304,2026-08-27,53100.0,TXN-T7-HIGHFEE,CREDIT,GATEWAY SETTLEMENT TXN-T7-HIGHFEE
BNK-UNK-002,2026-08-27,12750.0,NEFT-UNIDENTIFIED-9043,CREDIT,NEFT INWARD NO REMITTANCE ADVICE
BNK-000008,2026-08-28,54211.56,TXN-884475,CREDIT,GATEWAY SETTLEMENT TXN-884475
BNK-000131,2026-08-28,38297.84,TXN-813145,CREDIT,GATEWAY SETTLEMENT TXN-813145
BNK-000150,2026-08-28,21597.19,TXN-989587,CREDIT,GATEWAY SETTLEMENT TXN-989587
BNK-000170,2026-08-28,92040.0,TXN-464663,CREDIT,GATEWAY SETTLEMENT TXN-464663
BNK-000200,2026-08-28,93569.87,TXN-727094,CREDIT,GATEWAY SETTLEMENT TXN-727094
BNK-000250,2026-08-28,19875.33,TXN-966120,CREDIT,GATEWAY SETTLEMENT TXN-966120
BNK-000294,2026-08-28,322189.56,TXN-158936,CREDIT,GATEWAY SETTLEMENT TXN-158936
BNK-000305,2026-08-28,20985.12,TXN-T8-OK,CREDIT,GATEWAY SETTLEMENT TXN-T8-OK
BNK-000093,2026-08-29,30243.64,TXN-425346,CREDIT,GATEWAY SETTLEMENT TXN-425346
BNK-000142,2026-08-29,39629.59,TXN-153642,CREDIT,GATEWAY SETTLEMENT TXN-153642
BNK-000161,2026-08-29,58292.0,TXN-373453,CREDIT,GATEWAY SETTLEMENT TXN-373453
BNK-000172,2026-08-29,73204.66,TXN-948799,CREDIT,GATEWAY SETTLEMENT TXN-948799
BNK-000190,2026-08-29,90270.0,TXN-749887,CREDIT,GATEWAY SETTLEMENT TXN-749887
BNK-000208,2026-08-29,194112.36,TXN-138551,CREDIT,GATEWAY SETTLEMENT TXN-138551
BNK-000088,2026-08-30,28070.96,TXN-811163,CREDIT,GATEWAY SETTLEMENT TXN-811163
BNK-000162,2026-08-30,48032.05,TXN-347781,CREDIT,GATEWAY SETTLEMENT TXN-347781
BNK-000310,2026-08-30,-21240.0,RFD-REF-TEST-008A,DEBIT,REFUND PAYOUT REF-TEST-008A
BNK-000013,2026-08-31,8850.0,TXN-587213,CREDIT,GATEWAY SETTLEMENT TXN-587213
BNK-000017,2026-08-31,129317.62,TXN-902784,CREDIT,GATEWAY SETTLEMENT TXN-902784
BNK-000118,2026-08-31,630120.0,TXN-929538,CREDIT,GATEWAY SETTLEMENT TXN-929538
BNK-000207,2026-08-31,99957.8,TXN-364955,CREDIT,GATEWAY SETTLEMENT TXN-364955
BNK-000232,2026-08-31,20398.37,TXN-387330,CREDIT,GATEWAY SETTLEMENT TXN-387330
BNK-000245,2026-08-31,115238.68,TXN-620526,CREDIT,GATEWAY SETTLEMENT TXN-620526
BNK-000258,2026-08-31,40099.35,TXN-377880,CREDIT,GATEWAY SETTLEMENT TXN-377880
BNK-000296,2026-08-31,19935.86,TXN-516224,CREDIT,GATEWAY SETTLEMENT TXN-516224
BNK-000018,2026-09-01,40356.0,TXN-330080,CREDIT,GATEWAY SETTLEMENT TXN-330080
BNK-000028,2026-09-01,66452.88,TXN-886931,CREDIT,GATEWAY SETTLEMENT TXN-886931
BNK-000032,2026-09-01,99376.65,TXN-226516,CREDIT,GATEWAY SETTLEMENT TXN-226516
BNK-000036,2026-09-01,58893.98,TXN-168517,CREDIT,GATEWAY SETTLEMENT TXN-168517
BNK-000040,2026-09-01,126188.96,TXN-344762,CREDIT,GATEWAY SETTLEMENT TXN-344762
BNK-000045,2026-09-01,66452.88,TXN-619536,CREDIT,GATEWAY SETTLEMENT TXN-619536
BNK-000077,2026-09-01,39227.62,TXN-774591,CREDIT,GATEWAY SETTLEMENT TXN-774591
BNK-000078,2026-09-01,67994.55,TXN-255539,CREDIT,GATEWAY SETTLEMENT TXN-255539
BNK-000157,2026-09-01,314835.09,TXN-193806,CREDIT,GATEWAY SETTLEMENT TXN-193806
BNK-000242,2026-09-01,100300.0,TXN-163406,CREDIT,GATEWAY SETTLEMENT TXN-163406
BNK-000283,2026-09-01,98795.5,TXN-596574,CREDIT,GATEWAY SETTLEMENT TXN-596574
BNK-000019,2026-09-02,40920.98,TXN-273061,CREDIT,GATEWAY SETTLEMENT TXN-273061
BNK-000031,2026-09-02,115463.0,TXN-796212,CREDIT,GATEWAY SETTLEMENT TXN-796212
BNK-000050,2026-09-02,105934.5,TXN-299869,CREDIT,GATEWAY SETTLEMENT TXN-299869
BNK-000054,2026-09-02,33604.04,TXN-579123,CREDIT,GATEWAY SETTLEMENT TXN-579123
BNK-000089,2026-09-02,702610.35,TXN-904624,CREDIT,GATEWAY SETTLEMENT TXN-904624
BNK-000121,2026-09-02,218300.0,TXN-408036,CREDIT,GATEWAY SETTLEMENT TXN-408036
BNK-000231,2026-09-02,349366.14,TXN-999312,CREDIT,GATEWAY SETTLEMENT TXN-999312
BNK-000273,2026-09-02,587978.51,TXN-286340,CREDIT,GATEWAY SETTLEMENT TXN-286340
BNK-UNK-003,2026-09-02,91200.0,RTGS-SUSPENSE-1174,CREDIT,RTGS CREDIT PENDING IDENTIFICATION
BNK-000116,2026-09-03,759016.77,TXN-926823,CREDIT,GATEWAY SETTLEMENT TXN-926823
BNK-000145,2026-09-03,107512.75,TXN-596756,CREDIT,GATEWAY SETTLEMENT TXN-596756
BNK-000167,2026-09-03,219063.58,TXN-584838,CREDIT,GATEWAY SETTLEMENT TXN-584838
BNK-000175,2026-09-03,50337.4,TXN-646571,CREDIT,GATEWAY SETTLEMENT TXN-646571 (PARTIAL)
BNK-000188,2026-09-03,34415.17,TXN-658065,CREDIT,GATEWAY SETTLEMENT TXN-658065
BNK-000211,2026-09-03,19875.33,TXN-190025,CREDIT,GATEWAY SETTLEMENT TXN-190025
BNK-000229,2026-09-03,97580.81,TXN-796405,CREDIT,GATEWAY SETTLEMENT TXN-796405
BNK-000034,2026-09-04,88065.76,TXN-660081,CREDIT,GATEWAY SETTLEMENT TXN-660081
BNK-000103,2026-09-04,521442.0,TXN-423869,CREDIT,GATEWAY SETTLEMENT TXN-423869
BNK-000109,2026-09-04,20985.12,TXN-254506,CREDIT,GATEWAY SETTLEMENT TXN-254506
BNK-000177,2026-09-04,582359.5,TXN-664058,CREDIT,GATEWAY SETTLEMENT TXN-664058
BNK-000241,2026-09-04,41970.24,TXN-672896,CREDIT,GATEWAY SETTLEMENT TXN-672896
BNK-000246,2026-09-04,558985.82,TXN-946313,CREDIT,GATEWAY SETTLEMENT TXN-946313
BNK-000247,2026-09-04,19875.33,TXN-623879,CREDIT,GATEWAY SETTLEMENT TXN-623879
BNK-000020,2026-09-05,22733.88,TXN-584125,CREDIT,GATEWAY SETTLEMENT TXN-584125
BNK-000056,2026-09-05,46197.0,TXN-817644,CREDIT,GATEWAY SETTLEMENT TXN-817644
BNK-000107,2026-09-05,41970.24,TXN-906814,CREDIT,GATEWAY SETTLEMENT TXN-906814
BNK-000134,2026-09-05,7965.0,TXN-790731,CREDIT,GATEWAY SETTLEMENT TXN-790731
BNK-000136,2026-09-05,543433.36,TXN-176517,CREDIT,GATEWAY SETTLEMENT TXN-176517
BNK-000147,2026-09-05,571877.03,TXN-712056,CREDIT,GATEWAY SETTLEMENT TXN-712056
BNK-000152,2026-09-05,598584.5,TXN-412999,CREDIT,GATEWAY SETTLEMENT TXN-412999
BNK-000155,2026-09-05,31329.0,TXN-153231,CREDIT,GATEWAY SETTLEMENT TXN-153231
BNK-000169,2026-09-05,198192.8,TXN-906325,CREDIT,GATEWAY SETTLEMENT TXN-906325
BNK-000171,2026-09-05,299292.25,TXN-806215,CREDIT,GATEWAY SETTLEMENT TXN-806215
BNK-000209,2026-09-05,967564.6,TXN-776364,CREDIT,GATEWAY SETTLEMENT TXN-776364
BNK-000244,2026-09-05,57880.06,TXN-190400,CREDIT,GATEWAY SETTLEMENT TXN-190400
BNK-000278,2026-09-05,205679.9,TXN-986846,CREDIT,GATEWAY SETTLEMENT TXN-986846
BNK-000001,2026-09-06,22664.85,TXN-141832,CREDIT,GATEWAY SETTLEMENT TXN-141832
BNK-000014,2026-09-06,76945.44,TXN-371782,CREDIT,GATEWAY SETTLEMENT TXN-371782
BNK-000048,2026-09-06,37543.82,TXN-760626,CREDIT,GATEWAY SETTLEMENT TXN-760626
BNK-000080,2026-09-06,96910.45,TXN-199704,CREDIT,GATEWAY SETTLEMENT TXN-199704
BNK-000282,2026-09-06,196989.2,TXN-963918,CREDIT,GATEWAY SETTLEMENT TXN-963918
BNK-DUP-001,2026-09-06,198192.8,TXN-906325,CREDIT,GATEWAY SETTLEMENT TXN-906325 (REPRESENTED)
BNK-000105,2026-09-08,524628.0,TXN-270128,CREDIT,GATEWAY SETTLEMENT TXN-270128
