customer_id,customer_name,customer_segment,region,signup_date,risk_level
CUS-0001,Customer 1,Retail,North,2026-01-15,LOW
CUS-0002,Customer 2,Retail,South,2025-03-13,LOW
CUS-0003,Customer 3,Enterprise,North,2025-10-30,MEDIUM
CUS-0004,Customer 4,Retail,North,2025-02-17,LOW
CUS-0005,Customer 5,Retail,North,2025-10-15,LOW
CUS-0006,Customer 6,Enterprise,West,2025-04-23,MEDIUM
CUS-0007,Customer 7,Enterprise,East,2026-02-19,LOW
CUS-0008,Customer 8,Retail,West,2025-06-24,LOW
CUS-0009,Customer 9,Retail,South,2026-05-06,LOW
CUS-0010,Customer 10,Retail,North,2025-07-14,LOW
CUS-0011,Customer 11,Retail,East,2025-11-06,LOW
CUS-0012,Customer 12,Retail,West,2025-10-02,LOW
CUS-0013,Customer 13,SME,North,2025-10-10,LOW
CUS-0014,Customer 14,Enterprise,East,2025-10-23,LOW
CUS-0015,Customer 15,Retail,North,2025-12-05,LOW
CUS-0016,Customer 16,Retail,North,2026-03-14,LOW
CUS-0017,Customer 17,Retail,West,2025-05-23,MEDIUM
CUS-0018,Customer 18,Retail,South,2025-07-09,LOW
CUS-0019,Customer 19,Retail,East,2025-12-26,LOW
CUS-0020,Customer 20,Enterprise,South,2025-10-01,LOW
CUS-0021,Customer 21,Retail,West,2025-07-14,LOW
CUS-0022,Customer 22,Enterprise,South,2025-12-17,LOW
CUS-0023,Customer 23,Retail,South,2026-02-25,LOW
CUS-0024,Customer 24,Retail,West,2025-05-18,LOW
CUS-0025,Customer 25,Retail,East,2025-04-19,MEDIUM
CUS-0026,Customer 26,SME,West,2025-03-15,LOW
CUS-0027,Customer 27,Retail,South,2026-01-17,HIGH
CUS-0028,Customer 28,Enterprise,East,2026-01-18,HIGH
CUS-0029,Customer 29,SME,West,2025-07-05,LOW
CUS-0030,Customer 30,Retail,West,2025-02-16,LOW
CUS-0031,Customer 31,Retail,South,2025-11-18,LOW
CUS-0032,Customer 32,SME,North,2025-07-17,MEDIUM
CUS-0033,Customer 33,Enterprise,West,2025-09-28,LOW
CUS-0034,Customer 34,Enterprise,North,2025-12-15,LOW
CUS-0035,Customer 35,Enterprise,East,2026-01-29,LOW
CUS-0036,Customer 36,Retail,East,2025-08-11,LOW
CUS-0037,Customer 37,SME,North,2026-05-04,LOW
CUS-0038,Customer 38,Enterprise,South,2025-09-17,LOW
CUS-0039,Customer 39,Retail,South,2025-03-20,LOW
CUS-0040,Customer 40,Retail,North,2025-11-03,LOW
CUS-0041,Customer 41,SME,North,2025-02-27,LOW
CUS-0042,Customer 42,Retail,South,2025-01-30,LOW
CUS-0043,Customer 43,Enterprise,North,2025-02-13,MEDIUM
CUS-0044,Customer 44,Retail,South,2025-03-07,MEDIUM
CUS-0045,Customer 45,Enterprise,South,2025-05-16,HIGH
CUS-0046,Customer 46,Enterprise,West,2026-05-09,LOW
CUS-0047,Customer 47,Enterprise,South,2026-01-01,LOW
CUS-0048,Customer 48,SME,East,2025-08-13,HIGH
CUS-0049,Customer 49,SME,North,2025-05-07,LOW
CUS-0050,Customer 50,Retail,East,2025-01-11,HIGH
CUS-0051,Customer 51,Enterprise,South,2025-10-29,LOW
CUS-0052,Customer 52,Retail,North,2025-12-29,LOW
CUS-0053,Customer 53,Retail,North,2026-04-09,LOW
CUS-0054,Customer 54,Retail,North,2025-09-21,LOW
CUS-0055,Customer 55,Retail,West,2025-04-20,HIGH
CUS-0056,Customer 56,Retail,West,2025-05-05,MEDIUM
CUS-0057,Customer 57,SME,South,2025-02-18,LOW
CUS-0058,Customer 58,SME,East,2025-08-05,MEDIUM
CUS-0059,Customer 59,SME,North,2025-12-11,LOW
CUS-0060,Customer 60,Retail,West,2026-01-08,LOW
CUS-0061,Customer 61,Retail,South,2025-04-09,LOW
CUS-0062,Customer 62,Enterprise,West,2025-03-13,MEDIUM
CUS-0063,Customer 63,Retail,East,2025-08-25,LOW
CUS-0064,Customer 64,Retail,West,2026-02-18,HIGH
CUS-0065,Customer 65,Retail,North,2025-11-30,HIGH
CUS-0066,Customer 66,Retail,North,2026-04-20,LOW
CUS-0067,Customer 67,Retail,West,2025-09-06,MEDIUM
CUS-0068,Customer 68,Retail,West,2026-04-08,LOW
CUS-0069,Customer 69,Retail,West,2025-01-02,MEDIUM
CUS-0070,Customer 70,Retail,West,2025-05-27,MEDIUM
CUS-0071,Customer 71,Enterprise,West,2025-03-21,LOW
CUS-0072,Customer 72,Retail,South,2026-05-11,LOW
CUS-0073,Customer 73,Enterprise,North,2026-01-18,LOW
CUS-0074,Customer 74,Retail,North,2025-10-27,MEDIUM
CUS-0075,Customer 75,Enterprise,South,2025-01-30,HIGH
CUS-0076,Customer 76,Retail,South,2025-02-05,HIGH
CUS-0077,Customer 77,Retail,South,2025-07-26,LOW
CUS-0078,Customer 78,Enterprise,South,2025-10-24,HIGH
CUS-0079,Customer 79,Retail,North,2025-08-03,HIGH
CUS-0080,Customer 80,Enterprise,East,2026-04-24,LOW
CUS-0081,Customer 81,Retail,East,2025-05-03,LOW
CUS-0082,Customer 82,SME,South,2025-12-10,LOW
CUS-0083,Customer 83,SME,East,2026-04-21,LOW
CUS-0084,Customer 84,Retail,West,2025-11-15,HIGH
CUS-0085,Customer 85,Retail,North,2025-10-03,LOW
CUS-0086,Customer 86,Enterprise,East,2025-03-09,LOW
CUS-0087,Customer 87,Retail,South,2025-07-09,LOW
CUS-0088,Customer 88,Retail,West,2026-03-03,HIGH
CUS-0089,Customer 89,Retail,North,2025-12-08,HIGH
CUS-0090,Customer 90,Retail,North,2026-04-26,LOW
CUS-0091,Customer 91,Retail,North,2026-04-01,LOW
CUS-0092,Customer 92,Enterprise,South,2025-05-20,LOW
CUS-0093,Customer 93,Enterprise,South,2026-01-03,LOW
CUS-0094,Customer 94,Retail,East,2025-09-16,MEDIUM
CUS-0095,Customer 95,Retail,North,2025-02-17,MEDIUM
CUS-0096,Customer 96,Retail,North,2025-01-02,LOW
CUS-0097,Customer 97,Retail,East,2025-03-24,MEDIUM
CUS-0098,Customer 98,Enterprise,West,2025-10-15,LOW
CUS-0099,Customer 99,Retail,North,2026-04-29,LOW
CUS-0100,Customer 100,Enterprise,North,2026-03-04,LOW
CUS-ENT-001,Apex Global Corp,Enterprise,West,2025-02-15,LOW
