metric_date,target_revenue,target_payment_success_rate,target_order_count,max_refund_rate_pct
2026-08-01,1501143.3,0.9642,10,2.0
2026-08-02,2482498.06,0.9948,11,2.0
2026-08-03,1354242.85,0.9907,7,2.0
2026-08-04,836988.46,0.977,5,2.0
2026-08-05,2703569.49,0.983,9,2.0
2026-08-06,3317373.13,0.9946,12,2.0
2026-08-07,1694678.57,0.9947,6,2.0
2026-08-08,937401.93,0.9766,8,2.0
2026-08-09,1932145.17,0.9645,8,2.0
2026-08-10,2901312.88,0.9657,12,2.0
2026-08-11,1994333.77,0.9637,10,2.0
2026-08-12,2681365.18,0.9923,7,2.0
2026-08-13,2226435.92,0.9619,8,2.0
2026-08-14,1630541.82,0.9682,7,2.0
2026-08-15,1809390.02,0.9927,10,2.0
2026-08-16,2095397.13,0.9836,10,2.0
2026-08-17,543347.07,0.9667,6,2.0
2026-08-18,4961428.63,0.9673,13,2.0
2026-08-19,3354525.65,0.9862,7,2.0
2026-08-20,1924393.02,0.9873,10,2.0
2026-08-21,882339.71,0.9776,9,2.0
2026-08-22,1751051.07,0.9838,7,2.0
2026-08-23,740214.42,0.9786,6,2.0
2026-08-24,1788070.8,0.99,7,2.0
2026-08-25,1207973.73,0.9831,10,2.0
2026-08-26,2153054.78,0.9623,9,2.0
2026-08-27,647238.51,0.977,8,2.0
2026-08-28,489339.37,0.9735,7,2.0
2026-08-29,930427.24,0.99,5,2.0
2026-08-30,1051157.59,0.992,8,2.0
2026-08-31,1158789.73,0.9663,10,2.0
2026-09-01,2487724.68,0.9668,9,2.0
2026-09-02,1333201.45,0.9675,7,2.0
2026-09-03,2273120.79,0.9893,7,2.0
2026-09-04,3757097.09,0.9775,12,2.0
2026-09-05,228175.93,0.9936,4,2.0
