ledger_txn_id,posting_date,amount,ledger_reference,account_code,txn_type,source_entity_id
LED-000007,2026-08-01,222655.73,TXN-414910,1100-CASH,CREDIT,PAY-000007
LED-000115,2026-08-01,49536.99,TXN-670511,1100-CASH,CREDIT,PAY-000115
LED-000181,2026-08-01,15399.0,TXN-733760,1100-CASH,CREDIT,PAY-000181
LED-000189,2026-08-01,15643.26,TXN-952657,1100-CASH,CREDIT,PAY-000189
LED-000201,2026-08-01,131688.0,TXN-499226,1100-CASH,CREDIT,PAY-000201
LED-000204,2026-08-01,80712.0,TXN-436241,1100-CASH,CREDIT,PAY-000204
LED-000254,2026-08-01,790600.0,TXN-615929,1100-CASH,CREDIT,PAY-000254
LED-000277,2026-08-01,41418.0,TXN-617033,1100-CASH,CREDIT,PAY-000277
LED-000290,2026-08-01,208055.36,TXN-690016,1100-CASH,CREDIT,PAY-000290
LED-000300,2026-08-01,25570.6,TXN-843826,1100-CASH,CREDIT,PAY-000300
LED-000011,2026-08-02,30428.42,TXN-760356,1100-CASH,CREDIT,PAY-000011
LED-000023,2026-08-02,307956.64,TXN-368690,1100-CASH,CREDIT,PAY-000023
LED-000044,2026-08-02,68667.98,TXN-953797,1100-CASH,CREDIT,PAY-000044
LED-000073,2026-08-02,21240.0,TXN-970127,1100-CASH,CREDIT,PAY-000073
LED-000086,2026-08-02,276887.0,TXN-265055,1100-CASH,CREDIT,PAY-000086
LED-000148,2026-08-02,572418.0,TXN-759580,1100-CASH,CREDIT,PAY-000148
LED-000168,2026-08-02,279492.91,TXN-461264,1100-CASH,CREDIT,PAY-000168
LED-000173,2026-08-02,16802.02,TXN-726822,1100-CASH,CREDIT,PAY-000173
LED-000269,2026-08-02,568655.27,TXN-614259,1100-CASH,CREDIT,PAY-000269
LED-000279,2026-08-02,221840.0,TXN-178645,1100-CASH,CREDIT,PAY-000279
LED-000297,2026-08-02,38232.0,TXN-597635,1100-CASH,CREDIT,PAY-000297
LED-000026,2026-08-03,598584.5,TXN-990844,1100-CASH,CREDIT,PAY-000026
LED-000035,2026-08-03,15738.84,TXN-112861,1100-CASH,CREDIT,PAY-000035
LED-000064,2026-08-03,35979.5,TXN-442589,1100-CASH,CREDIT,PAY-000064
LED-000184,2026-08-03,223639.5,TXN-341192,1100-CASH,CREDIT,PAY-000184
LED-000224,2026-08-03,320081.37,TXN-465509,1100-CASH,CREDIT,PAY-000224
LED-000249,2026-08-03,16059.45,TXN-287654,1100-CASH,CREDIT,PAY-000249
LED-000263,2026-08-03,104925.6,TXN-501320,1100-CASH,CREDIT,PAY-000263
LED-000047,2026-08-04,15738.84,TXN-154118,1100-CASH,CREDIT,PAY-000047
LED-000151,2026-08-04,553894.07,TXN-581992,1100-CASH,CREDIT,PAY-000151
LED-000174,2026-08-04,280250.0,TXN-327823,1100-CASH,CREDIT,PAY-000174
LED-000187,2026-08-04,20336.24,TXN-258366,1100-CASH,CREDIT,PAY-000187
LED-000270,2026-08-04,8743.8,TXN-447848,1100-CASH,CREDIT,PAY-000270
LED-000037,2026-08-05,323873.42,TXN-901577,1100-CASH,CREDIT,PAY-000037
LED-000098,2026-08-05,231477.53,TXN-258189,1100-CASH,CREDIT,PAY-000098
LED-000101,2026-08-05,218772.0,TXN-185461,1100-CASH,CREDIT,PAY-000101
LED-000114,2026-08-05,20709.0,TXN-250551,1100-CASH,CREDIT,PAY-000114
LED-000203,2026-08-05,550116.0,TXN-212168,1100-CASH,CREDIT,PAY-000203
LED-000230,2026-08-05,86126.43,TXN-706007,1100-CASH,CREDIT,PAY-000230
LED-000272,2026-08-05,560373.89,TXN-265154,1100-CASH,CREDIT,PAY-000272
LED-000275,2026-08-05,41715.36,TXN-843404,1100-CASH,CREDIT,PAY-000275
LED-000295,2026-08-05,607110.0,TXN-160426,1100-CASH,CREDIT,PAY-000295
LED-000022,2026-08-06,107417.05,TXN-132537,1100-CASH,CREDIT,PAY-000022
LED-000043,2026-08-06,808300.0,TXN-976566,1100-CASH,CREDIT,PAY-000043
LED-000057,2026-08-06,108981.38,TXN-440131,1100-CASH,CREDIT,PAY-000057
LED-000067,2026-08-06,195992.84,TXN-499534,1100-CASH,CREDIT,PAY-000067
LED-000122,2026-08-06,562401.22,TXN-823270,1100-CASH,CREDIT,PAY-000122
LED-000192,2026-08-06,478683.76,TXN-109909,1100-CASH,CREDIT,PAY-000192
LED-000193,2026-08-06,49383.0,TXN-825916,1100-CASH,CREDIT,PAY-000193
LED-000196,2026-08-06,704750.28,TXN-442230,1100-CASH,CREDIT,PAY-000196
LED-000234,2026-08-06,208801.94,TXN-108454,1100-CASH,CREDIT,PAY-000234
LED-000239,2026-08-06,15691.05,TXN-642899,1100-CASH,CREDIT,PAY-000239
LED-000262,2026-08-06,196470.0,TXN-988432,1100-CASH,CREDIT,PAY-000262
LED-000286,2026-08-06,56484.95,TXN-820442,1100-CASH,CREDIT,PAY-000286
LED-000006,2026-08-07,626078.5,TXN-146542,1100-CASH,CREDIT,PAY-000006
LED-000027,2026-08-07,315796.91,TXN-947458,1100-CASH,CREDIT,PAY-000027
LED-000068,2026-08-07,216671.36,TXN-416869,1100-CASH,CREDIT,PAY-000068
LED-000083,2026-08-07,56313.44,TXN-899649,1100-CASH,CREDIT,PAY-000083
LED-000099,2026-08-07,300203.8,TXN-649525,1100-CASH,CREDIT,PAY-000099
LED-000256,2026-08-07,155167.05,TXN-430310,1100-CASH,CREDIT,PAY-000256
LED-000024,2026-08-08,18829.26,TXN-810250,1100-CASH,CREDIT,PAY-000024
LED-000069,2026-08-08,93569.87,TXN-346205,1100-CASH,CREDIT,PAY-000069
LED-000127,2026-08-08,69030.0,TXN-242321,1100-CASH,CREDIT,PAY-000127
LED-000144,2026-08-08,187711.45,TXN-251275,1100-CASH,CREDIT,PAY-000144
LED-000163,2026-08-08,59625.99,TXN-744481,1100-CASH,CREDIT,PAY-000163
LED-000225,2026-08-08,30428.42,TXN-746081,1100-CASH,CREDIT,PAY-000225
LED-000235,2026-08-08,312285.82,TXN-945106,1100-CASH,CREDIT,PAY-000235
LED-000261,2026-08-08,99096.4,TXN-819622,1100-CASH,CREDIT,PAY-000261
LED-000051,2026-08-09,39750.66,TXN-102689,1100-CASH,CREDIT,PAY-000051
LED-000082,2026-08-09,478683.76,TXN-729575,1100-CASH,CREDIT,PAY-000082
LED-000126,2026-08-09,102070.0,TXN-642895,1100-CASH,CREDIT,PAY-000126
LED-000132,2026-08-09,338070.0,TXN-272655,1100-CASH,CREDIT,PAY-000132
LED-000164,2026-08-09,585892.89,TXN-663628,1100-CASH,CREDIT,PAY-000164
LED-000221,2026-08-09,43194.37,TXN-844638,1100-CASH,CREDIT,PAY-000221
LED-000238,2026-08-09,16562.78,TXN-246622,1100-CASH,CREDIT,PAY-000238
LED-000271,2026-08-09,316240.0,TXN-216308,1100-CASH,CREDIT,PAY-000271
LED-000016,2026-08-10,20336.24,TXN-527398,1100-CASH,CREDIT,PAY-000016
LED-000055,2026-08-10,465170.16,TXN-184216,1100-CASH,CREDIT,PAY-000055
LED-000095,2026-08-10,95285.0,TXN-260295,1100-CASH,CREDIT,PAY-000095
LED-000102,2026-08-10,55931.17,TXN-930117,1100-CASH,CREDIT,PAY-000102
LED-000113,2026-08-10,824820.0,TXN-769989,1100-CASH,CREDIT,PAY-000113
LED-000139,2026-08-10,188283.16,TXN-267457,1100-CASH,CREDIT,PAY-000139
LED-000146,2026-08-10,75840.08,TXN-452713,1100-CASH,CREDIT,PAY-000146
LED-000154,2026-08-10,463757.7,TXN-602351,1100-CASH,CREDIT,PAY-000154
LED-000212,2026-08-10,58056.88,TXN-202365,1100-CASH,CREDIT,PAY-000212
LED-000219,2026-08-10,68114.2,TXN-663483,1100-CASH,CREDIT,PAY-000219
LED-000289,2026-08-10,477007.92,TXN-389617,1100-CASH,CREDIT,PAY-000289
LED-000292,2026-08-10,236665.52,TXN-490532,1100-CASH,CREDIT,PAY-000292
LED-000301,2026-08-10,5782.0,TXN-T1-01,1100-CASH,CREDIT,PAY-000301
LED-000049,2026-08-11,26072.1,TXN-223172,1100-CASH,CREDIT,PAY-000049
LED-000100,2026-08-11,82561.65,TXN-761532,1100-CASH,CREDIT,PAY-000100
LED-000106,2026-08-11,340641.07,TXN-884897,1100-CASH,CREDIT,PAY-000106
LED-000137,2026-08-11,65578.5,TXN-853258,1100-CASH,CREDIT,PAY-000137
LED-000160,2026-08-11,514539.0,TXN-740632,1100-CASH,CREDIT,PAY-000160
LED-000186,2026-08-11,579380.0,TXN-135466,1100-CASH,CREDIT,PAY-000186
LED-000222,2026-08-11,8690.7,TXN-335765,1100-CASH,CREDIT,PAY-000222
LED-000223,2026-08-11,23536.57,TXN-669488,1100-CASH,CREDIT,PAY-000223
LED-000237,2026-08-11,296822.86,TXN-327797,1100-CASH,CREDIT,PAY-000237
LED-000259,2026-08-11,64333.31,TXN-638401,1100-CASH,CREDIT,PAY-000259
LED-000288,2026-08-11,16802.02,TXN-556542,1100-CASH,CREDIT,PAY-000288
LED-000065,2026-08-12,30336.03,TXN-272537,1100-CASH,CREDIT,PAY-000065
LED-000096,2026-08-12,588348.0,TXN-171603,1100-CASH,CREDIT,PAY-000096
LED-000128,2026-08-12,1066468.36,TXN-992717,1100-CASH,CREDIT,PAY-000128
LED-000129,2026-08-12,107840.2,TXN-478427,1100-CASH,CREDIT,PAY-000129
LED-000218,2026-08-12,849157.5,TXN-222629,1100-CASH,CREDIT,PAY-000218
LED-000220,2026-08-12,83662.47,TXN-476479,1100-CASH,CREDIT,PAY-000220
LED-000264,2026-08-12,55591.51,TXN-749253,1100-CASH,CREDIT,PAY-000264
LED-000306,2026-08-12,-2500.0,RFD-REF-TEST-001A,4200-REFUNDS,DEBIT,REF-TEST-001A
LED-000004,2026-08-13,59590.0,TXN-444207,1100-CASH,CREDIT,PAY-000004
LED-000025,2026-08-13,8717.25,TXN-817497,1100-CASH,CREDIT,PAY-000025
LED-000041,2026-08-13,368775.37,TXN-273982,1100-CASH,CREDIT,PAY-000041
LED-000143,2026-08-13,193522.95,TXN-753516,1100-CASH,CREDIT,PAY-000143
LED-000166,2026-08-13,60770.0,TXN-711474,1100-CASH,CREDIT,PAY-000166
LED-000205,2026-08-13,63130.24,TXN-919959,1100-CASH,CREDIT,PAY-000205
LED-000240,2026-08-13,356478.0,TXN-769077,1100-CASH,CREDIT,PAY-000240
LED-000281,2026-08-13,1100822.0,TXN-511987,1100-CASH,CREDIT,PAY-000281
LED-000307,2026-08-13,-2500.0,RFD-REF-TEST-001B,4200-REFUNDS,DEBIT,REF-TEST-001B
LED-000010,2026-08-14,355082.65,TXN-945742,1100-CASH,CREDIT,PAY-000010
LED-000039,2026-08-14,340096.06,TXN-102805,1100-CASH,CREDIT,PAY-000039
LED-000074,2026-08-14,18829.26,TXN-251716,1100-CASH,CREDIT,PAY-000074
LED-000195,2026-08-14,223335.95,TXN-892313,1100-CASH,CREDIT,PAY-000195
LED-000216,2026-08-14,269363.03,TXN-306647,1100-CASH,CREDIT,PAY-000216
LED-000226,2026-08-14,180540.0,TXN-838253,1100-CASH,CREDIT,PAY-000226
LED-000299,2026-08-14,261517.5,TXN-529399,1100-CASH,CREDIT,PAY-000299
LED-000038,2026-08-15,102376.45,TXN-876039,1100-CASH,CREDIT,PAY-000038
LED-000084,2026-08-15,26151.75,TXN-899444,1100-CASH,CREDIT,PAY-000084
LED-000091,2026-08-15,481783.38,TXN-428267,1100-CASH,CREDIT,PAY-000091
LED-000094,2026-08-15,23364.0,TXN-466346,1100-CASH,CREDIT,PAY-000094
LED-000110,2026-08-15,41406.94,TXN-504924,1100-CASH,CREDIT,PAY-000110
LED-000111,2026-08-15,18829.26,TXN-253143,1100-CASH,CREDIT,PAY-000111
LED-000133,2026-08-15,215025.5,TXN-755383,1100-CASH,CREDIT,PAY-000133
LED-000156,2026-08-15,260190.0,TXN-677086,1100-CASH,CREDIT,PAY-000156
LED-000158,2026-08-15,329013.5,TXN-403528,1100-CASH,CREDIT,PAY-000158
LED-000178,2026-08-15,282774.49,TXN-655736,1100-CASH,CREDIT,PAY-000178
LED-000302,2026-08-15,11800.0,TXN-T2-01,1100-CASH,CREDIT,PAY-000302
LED-000002,2026-08-16,227150.0,TXN-125990,1100-CASH,CREDIT,PAY-000002
LED-000053,2026-08-16,78694.2,TXN-930884,1100-CASH,CREDIT,PAY-000053
LED-000117,2026-08-16,308619.71,TXN-774020,1100-CASH,CREDIT,PAY-000117
LED-000165,2026-08-16,43453.5,TXN-969032,1100-CASH,CREDIT,PAY-000165
LED-000179,2026-08-16,307129.34,TXN-859782-B,1100-CASH,CREDIT,PAY-000179
LED-000185,2026-08-16,53512.06,TXN-276405,1100-CASH,CREDIT,PAY-000185
LED-000198,2026-08-16,128143.58,TXN-211726,1100-CASH,CREDIT,PAY-000198
LED-000214,2026-08-16,78470.0,TXN-771590,1100-CASH,CREDIT,PAY-000214
LED-000228,2026-08-16,625266.9,TXN-933197,1100-CASH,CREDIT,PAY-000228
LED-000266,2026-08-16,94407.82,TXN-383572,1100-CASH,CREDIT,PAY-000266
LED-000287,2026-08-16,39825.0,TXN-893969,1100-CASH,CREDIT,PAY-000287
LED-000021,2026-08-17,62938.55,TXN-972335,1100-CASH,CREDIT,PAY-000021
LED-000075,2026-08-17,98795.5,TXN-926730,1100-CASH,CREDIT,PAY-000075
LED-000090,2026-08-17,199656.0,TXN-498676,1100-CASH,CREDIT,PAY-000090
LED-000183,2026-08-17,36089.41,TXN-488712,1100-CASH,CREDIT,PAY-000183
LED-000217,2026-08-17,72178.83,TXN-986589,1100-CASH,CREDIT,PAY-000217
LED-000285,2026-08-17,72216.0,TXN-830302,1100-CASH,CREDIT,PAY-000285
LED-000005,2026-08-18,1162300.0,TXN-708792,1100-CASH,CREDIT,PAY-000005
LED-000015,2026-08-18,262098.65,TXN-666390,1100-CASH,CREDIT,PAY-000015
LED-000030,2026-08-18,751070.0,TXN-599219,1100-CASH,CREDIT,PAY-000030
LED-000062,2026-08-18,7869.42,TXN-400096,1100-CASH,CREDIT,PAY-000062
LED-000071,2026-08-18,582920.0,TXN-997004,1100-CASH,CREDIT,PAY-000071
LED-000079,2026-08-18,669763.28,TXN-786516,1100-CASH,CREDIT,PAY-000079
LED-000180,2026-08-18,355770.0,TXN-319036,1100-CASH,CREDIT,PAY-000180
LED-000194,2026-08-18,177290.28,TXN-991737,1100-CASH,CREDIT,PAY-000194
LED-000197,2026-08-18,61468.91,TXN-909676,1100-CASH,CREDIT,PAY-000197
LED-000202,2026-08-18,58696.15,TXN-414313,1100-CASH,CREDIT,PAY-000202
LED-000227,2026-08-18,476838.0,TXN-253347,1100-CASH,CREDIT,PAY-000227
LED-000255,2026-08-18,88915.95,TXN-884229,1100-CASH,CREDIT,PAY-000255
LED-000268,2026-08-18,345203.1,TXN-873959,1100-CASH,CREDIT,PAY-000268
LED-000308,2026-08-18,-10000.0,RFD-REF-TEST-002A,4200-REFUNDS,DEBIT,REF-TEST-002A
LED-000042,2026-08-19,700866.9,TXN-666211,1100-CASH,CREDIT,PAY-000042
LED-000060,2026-08-19,223335.95,TXN-986365,1100-CASH,CREDIT,PAY-000060
LED-000066,2026-08-19,54561.31,TXN-943671,1100-CASH,CREDIT,PAY-000066
LED-000112,2026-08-19,825616.5,TXN-119927,1100-CASH,CREDIT,PAY-000112
LED-000153,2026-08-19,111862.35,TXN-958130,1100-CASH,CREDIT,PAY-000153
LED-000243,2026-08-19,689011.44,TXN-636141,1100-CASH,CREDIT,PAY-000243
LED-000265,2026-08-19,139004.0,TXN-309146,1100-CASH,CREDIT,PAY-000265
LED-000291,2026-08-19,600174.43,TXN-280564,1100-CASH,CREDIT,PAY-000291
LED-000009,2026-08-20,50560.05,TXN-563246,1100-CASH,CREDIT,PAY-000009
LED-000052,2026-08-20,65345.33,TXN-437408,1100-CASH,CREDIT,PAY-000052
LED-000097,2026-08-20,28242.47,TXN-159653,1100-CASH,CREDIT,PAY-000097
LED-000159,2026-08-20,96181.8,TXN-302177,1100-CASH,CREDIT,PAY-000159
LED-000176,2026-08-20,610087.14,TXN-774565,1100-CASH,CREDIT,PAY-000176
LED-000199,2026-08-20,141066.64,TXN-684041,1100-CASH,CREDIT,PAY-000199
LED-000252,2026-08-20,395182.0,TXN-752966,1100-CASH,CREDIT,PAY-000252
LED-000260,2026-08-20,56817.0,TXN-584487,1100-CASH,CREDIT,PAY-000260
LED-000293,2026-08-20,332417.8,TXN-564635,1100-CASH,CREDIT,PAY-000293
LED-000309,2026-08-20,-5800.0,RFD-REF-TEST-002B,4200-REFUNDS,DEBIT,REF-TEST-002B
LED-000033,2026-08-21,291460.0,TXN-859782-A,1100-CASH,CREDIT,PAY-000033
LED-000076,2026-08-21,33809.36,TXN-219169,1100-CASH,CREDIT,PAY-000076
LED-000081,2026-08-21,174876.0,TXN-880758,1100-CASH,CREDIT,PAY-000081
LED-000087,2026-08-21,111929.49,TXN-794093,1100-CASH,CREDIT,PAY-000087
LED-000119,2026-08-21,33630.0,TXN-474314,1100-CASH,CREDIT,PAY-000119
LED-000140,2026-08-21,30428.42,TXN-621530,1100-CASH,CREDIT,PAY-000140
LED-000236,2026-08-21,39825.0,TXN-656278,1100-CASH,CREDIT,PAY-000236
LED-000257,2026-08-21,61993.66,TXN-210790,1100-CASH,CREDIT,PAY-000257
LED-000267,2026-08-21,75933.0,TXN-359896,1100-CASH,CREDIT,PAY-000267
LED-000003,2026-08-22,281200.61,TXN-140605,1100-CASH,CREDIT,PAY-000003
LED-000104,2026-08-22,33604.04,TXN-908320,1100-CASH,CREDIT,PAY-000104
LED-000120,2026-08-22,219294.5,TXN-295892,1100-CASH,CREDIT,PAY-000120
LED-000135,2026-08-22,703001.52,TXN-770030,1100-CASH,CREDIT,PAY-000135
LED-000276,2026-08-22,192999.91,TXN-925250,1100-CASH,CREDIT,PAY-000276
LED-000280,2026-08-22,302139.0,TXN-206176,1100-CASH,CREDIT,PAY-000280
LED-000303,2026-08-22,58800.0,TXN-T5-PARTIAL,1100-CASH,CREDIT,PAY-000304
LED-000058,2026-08-23,51507.0,TXN-283573,1100-CASH,CREDIT,PAY-000058
LED-000063,2026-08-23,265500.0,TXN-201883,1100-CASH,CREDIT,PAY-000063
LED-000085,2026-08-23,15214.21,TXN-248766,1100-CASH,CREDIT,PAY-000085
LED-000138,2026-08-23,40425.5,TXN-380464,1100-CASH,CREDIT,PAY-000138
LED-000191,2026-08-23,62215.5,TXN-336828,1100-CASH,CREDIT,PAY-000191
LED-000298,2026-08-23,309005.89,TXN-270820,1100-CASH,CREDIT,PAY-000298
LED-000072,2026-08-24,797226.88,TXN-322409,1100-CASH,CREDIT,PAY-000072
LED-000125,2026-08-24,28243.89,TXN-565504,1100-CASH,CREDIT,PAY-000125
LED-000130,2026-08-24,17487.6,TXN-853789,1100-CASH,CREDIT,PAY-000130
LED-000233,2026-08-24,488166.0,TXN-833417,1100-CASH,CREDIT,PAY-000233
LED-000248,2026-08-24,18771.91,TXN-876764,1100-CASH,CREDIT,PAY-000248
LED-000251,2026-08-24,8690.7,TXN-172274,1100-CASH,CREDIT,PAY-000251
LED-000253,2026-08-24,318364.0,TXN-463251,1100-CASH,CREDIT,PAY-000253
LED-000012,2026-08-25,40120.0,TXN-943170,1100-CASH,CREDIT,PAY-000012
LED-000029,2026-08-25,207586.78,TXN-370902,1100-CASH,CREDIT,PAY-000029
LED-000059,2026-08-25,313202.92,TXN-799233,1100-CASH,CREDIT,PAY-000059
LED-000061,2026-08-25,129712.68,TXN-970357,1100-CASH,CREDIT,PAY-000061
LED-000070,2026-08-25,47885.76,TXN-613117,1100-CASH,CREDIT,PAY-000070
LED-000108,2026-08-25,40979.28,TXN-489244,1100-CASH,CREDIT,PAY-000108
LED-000149,2026-08-25,289690.0,TXN-119857,1100-CASH,CREDIT,PAY-000149
LED-000206,2026-08-25,131688.0,TXN-904905,1100-CASH,CREDIT,PAY-000206
LED-000046,2026-08-26,435693.76,TXN-668950,1100-CASH,CREDIT,PAY-000046
LED-000092,2026-08-26,595307.05,TXN-823108,1100-CASH,CREDIT,PAY-000092
LED-000124,2026-08-26,97056.18,TXN-232361,1100-CASH,CREDIT,PAY-000124
LED-000141,2026-08-26,147857.66,TXN-662761,1100-CASH,CREDIT,PAY-000141
LED-000182,2026-08-26,16613.22,TXN-780233,1100-CASH,CREDIT,PAY-000182
LED-000210,2026-08-26,117144.5,TXN-492292,1100-CASH,CREDIT,PAY-000210
LED-000215,2026-08-26,276887.0,TXN-104666,1100-CASH,CREDIT,PAY-000215
LED-000274,2026-08-26,112110.03,TXN-247475,1100-CASH,CREDIT,PAY-000274
LED-000284,2026-08-26,243660.56,TXN-295646,1100-CASH,CREDIT,PAY-000284
LED-000304,2026-08-26,53100.0,TXN-T7-HIGHFEE,1100-CASH,CREDIT,PAY-000305
LED-000008,2026-08-27,54211.56,TXN-884475,1100-CASH,CREDIT,PAY-000008
LED-000131,2026-08-27,38297.84,TXN-813145,1100-CASH,CREDIT,PAY-000131
LED-000150,2026-08-27,21597.19,TXN-989587,1100-CASH,CREDIT,PAY-000150
LED-000170,2026-08-27,92040.0,TXN-464663,1100-CASH,CREDIT,PAY-000170
LED-000200,2026-08-27,93569.87,TXN-727094,1100-CASH,CREDIT,PAY-000200
LED-000250,2026-08-27,19875.33,TXN-966120,1100-CASH,CREDIT,PAY-000250
LED-000294,2026-08-27,322189.56,TXN-158936,1100-CASH,CREDIT,PAY-000294
LED-000305,2026-08-27,20985.12,TXN-T8-OK,1100-CASH,CREDIT,PAY-000306
LED-000093,2026-08-28,30243.64,TXN-425346,1100-CASH,CREDIT,PAY-000093
LED-000142,2026-08-28,39629.59,TXN-153642,1100-CASH,CREDIT,PAY-000142
LED-000161,2026-08-28,58292.0,TXN-373453,1100-CASH,CREDIT,PAY-000161
LED-000172,2026-08-28,73204.66,TXN-948799,1100-CASH,CREDIT,PAY-000172
LED-000190,2026-08-28,90270.0,TXN-749887,1100-CASH,CREDIT,PAY-000190
LED-000208,2026-08-28,194112.36,TXN-138551,1100-CASH,CREDIT,PAY-000208
LED-000088,2026-08-29,28070.96,TXN-811163,1100-CASH,CREDIT,PAY-000088
LED-000123,2026-08-29,523035.0,TXN-929924,1100-CASH,CREDIT,PAY-000123
LED-000162,2026-08-29,48032.05,TXN-347781,1100-CASH,CREDIT,PAY-000162
LED-000213,2026-08-29,295483.8,TXN-938913,1100-CASH,CREDIT,PAY-000213
LED-000310,2026-08-29,-21240.0,RFD-REF-TEST-008A,4200-REFUNDS,DEBIT,REF-TEST-008A
LED-000013,2026-08-30,8850.0,TXN-587213,1100-CASH,CREDIT,PAY-000013
LED-000017,2026-08-30,129317.62,TXN-902784,1100-CASH,CREDIT,PAY-000017
LED-000118,2026-08-30,630120.0,TXN-929538,1100-CASH,CREDIT,PAY-000118
LED-000207,2026-08-30,99957.8,TXN-364955,1100-CASH,CREDIT,PAY-000207
LED-000232,2026-08-30,20398.37,TXN-387330,1100-CASH,CREDIT,PAY-000232
LED-000245,2026-08-30,115238.68,TXN-620526,1100-CASH,CREDIT,PAY-000245
LED-000258,2026-08-30,40099.35,TXN-377880,1100-CASH,CREDIT,PAY-000258
LED-000296,2026-08-30,19935.86,TXN-516224,1100-CASH,CREDIT,PAY-000296
LED-000018,2026-08-31,40356.0,TXN-330080,1100-CASH,CREDIT,PAY-000018
LED-000028,2026-08-31,66452.88,TXN-886931,1100-CASH,CREDIT,PAY-000028
LED-000032,2026-08-31,99376.65,TXN-226516,1100-CASH,CREDIT,PAY-000032
LED-000036,2026-08-31,58893.98,TXN-168517,1100-CASH,CREDIT,PAY-000036
LED-000040,2026-08-31,126188.96,TXN-344762,1100-CASH,CREDIT,PAY-000040
LED-000045,2026-08-31,66452.88,TXN-619536,1100-CASH,CREDIT,PAY-000045
LED-000077,2026-08-31,39227.62,TXN-774591,1100-CASH,CREDIT,PAY-000077
LED-000078,2026-08-31,67994.55,TXN-255539,1100-CASH,CREDIT,PAY-000078
LED-000157,2026-08-31,314835.09,TXN-193806,1100-CASH,CREDIT,PAY-000157
LED-000242,2026-08-31,100300.0,TXN-163406,1100-CASH,CREDIT,PAY-000242
LED-000283,2026-08-31,98795.5,TXN-596574,1100-CASH,CREDIT,PAY-000283
LED-000019,2026-09-01,40920.98,TXN-273061,1100-CASH,CREDIT,PAY-000019
LED-000031,2026-09-01,115463.0,TXN-796212,1100-CASH,CREDIT,PAY-000031
LED-000050,2026-09-01,105934.5,TXN-299869,1100-CASH,CREDIT,PAY-000050
LED-000054,2026-09-01,33604.04,TXN-579123,1100-CASH,CREDIT,PAY-000054
LED-000089,2026-09-01,702610.35,TXN-904624,1100-CASH,CREDIT,PAY-000089
LED-000121,2026-09-01,218300.0,TXN-408036,1100-CASH,CREDIT,PAY-000121
LED-000231,2026-09-01,349366.14,TXN-999312,1100-CASH,CREDIT,PAY-000231
LED-000273,2026-09-01,587978.51,TXN-286340,1100-CASH,CREDIT,PAY-000273
LED-000282,2026-09-01,196989.2,TXN-963918,1100-CASH,CREDIT,PAY-000282
LED-000116,2026-09-02,759016.77,TXN-926823,1100-CASH,CREDIT,PAY-000116
LED-000145,2026-09-02,107512.75,TXN-596756,1100-CASH,CREDIT,PAY-000145
LED-000167,2026-09-02,219063.58,TXN-584838,1100-CASH,CREDIT,PAY-000167
LED-000175,2026-09-02,51920.0,TXN-646571,1100-CASH,CREDIT,PAY-000175
LED-000188,2026-09-02,34415.17,TXN-658065,1100-CASH,CREDIT,PAY-000188
LED-000211,2026-09-02,19875.33,TXN-190025,1100-CASH,CREDIT,PAY-000211
LED-000229,2026-09-02,97580.81,TXN-796405,1100-CASH,CREDIT,PAY-000229
LED-000034,2026-09-03,88065.76,TXN-660081,1100-CASH,CREDIT,PAY-000034
LED-000103,2026-09-03,521442.0,TXN-423869,1100-CASH,CREDIT,PAY-000103
LED-000105,2026-09-03,524628.0,TXN-270128,1100-CASH,CREDIT,PAY-000105
LED-000109,2026-09-03,20985.12,TXN-254506,1100-CASH,CREDIT,PAY-000109
LED-000177,2026-09-03,582359.5,TXN-664058,1100-CASH,CREDIT,PAY-000177
LED-000241,2026-09-03,41970.24,TXN-672896,1100-CASH,CREDIT,PAY-000241
LED-000246,2026-09-03,558985.82,TXN-946313,1100-CASH,CREDIT,PAY-000246
LED-000247,2026-09-03,19875.33,TXN-623879,1100-CASH,CREDIT,PAY-000247
LED-000020,2026-09-04,22733.88,TXN-584125,1100-CASH,CREDIT,PAY-000020
LED-000056,2026-09-04,46197.0,TXN-817644,1100-CASH,CREDIT,PAY-000056
LED-000107,2026-09-04,41970.24,TXN-906814,1100-CASH,CREDIT,PAY-000107
LED-000134,2026-09-04,7965.0,TXN-790731,1100-CASH,CREDIT,PAY-000134
LED-000136,2026-09-04,543433.36,TXN-176517,1100-CASH,CREDIT,PAY-000136
LED-000147,2026-09-04,571877.03,TXN-712056,1100-CASH,CREDIT,PAY-000147
LED-000152,2026-09-04,598584.5,TXN-412999,1100-CASH,CREDIT,PAY-000152
LED-000155,2026-09-04,31329.0,TXN-153231,1100-CASH,CREDIT,PAY-000155
LED-000169,2026-09-04,198192.8,TXN-906325,1100-CASH,CREDIT,PAY-000169
LED-000171,2026-09-04,299292.25,TXN-806215,1100-CASH,CREDIT,PAY-000171
LED-000209,2026-09-04,967564.6,TXN-776364,1100-CASH,CREDIT,PAY-000209
LED-000244,2026-09-04,57880.06,TXN-190400,1100-CASH,CREDIT,PAY-000244
LED-000278,2026-09-04,205679.9,TXN-986846,1100-CASH,CREDIT,PAY-000278
LED-000001,2026-09-05,22664.85,TXN-141832,1100-CASH,CREDIT,PAY-000001
LED-000014,2026-09-05,76945.44,TXN-371782,1100-CASH,CREDIT,PAY-000014
LED-000048,2026-09-05,37543.82,TXN-760626,1100-CASH,CREDIT,PAY-000048
LED-000080,2026-09-05,96910.45,TXN-199704,1100-CASH,CREDIT,PAY-000080
