order_item_id,order_id,product_id,quantity,unit_price,approved_price,item_discount
ITM-000001,ORD-00001,PRD-003,1,19500.0,19500.0,0.0
ITM-000002,ORD-00002,PRD-001,2,85000.0,85000.0,0.0
ITM-000003,ORD-00002,PRD-004,2,7500.0,7500.0,0.0
ITM-000004,ORD-00002,PRD-004,1,7500.0,7500.0,0.0
ITM-000005,ORD-00003,PRD-005,1,250000.0,250000.0,0.0
ITM-000006,ORD-00003,PRD-003,1,18000.0,18000.0,0.0
ITM-000007,ORD-00004,PRD-003,2,18000.0,18000.0,0.0
ITM-000008,ORD-00004,PRD-002,1,14500.0,14500.0,0.0
ITM-000009,ORD-00005,PRD-005,2,250000.0,250000.0,0.0
ITM-000010,ORD-00005,PRD-005,2,250000.0,250000.0,0.0
ITM-000011,ORD-00006,PRD-003,2,19500.0,19500.0,0.0
ITM-000012,ORD-00006,PRD-005,2,250000.0,250000.0,0.0
ITM-000013,ORD-00006,PRD-003,1,19500.0,19500.0,0.0
ITM-000014,ORD-00007,PRD-004,1,7500.0,7500.0,0.0
ITM-000015,ORD-00007,PRD-003,2,18000.0,18000.0,0.0
ITM-000016,ORD-00007,PRD-001,2,85000.0,85000.0,0.0
ITM-000017,ORD-00008,PRD-003,2,19500.0,19500.0,0.0
ITM-000018,ORD-00008,PRD-004,1,7500.0,7500.0,0.0
ITM-000019,ORD-00009,PRD-004,1,7500.0,7500.0,0.0
ITM-000020,ORD-00009,PRD-003,2,18000.0,18000.0,0.0
ITM-000021,ORD-00010,PRD-003,1,19500.0,19500.0,0.0
ITM-000022,ORD-00010,PRD-005,1,250000.0,250000.0,0.0
ITM-000023,ORD-00010,PRD-003,2,18000.0,18000.0,0.0
ITM-000024,ORD-00011,PRD-002,2,14500.0,14500.0,0.0
ITM-000025,ORD-00012,PRD-003,1,19500.0,19500.0,0.0
ITM-000026,ORD-00012,PRD-002,1,14500.0,14500.0,0.0
ITM-000027,ORD-00013,PRD-004,1,7500.0,7500.0,0.0
ITM-000028,ORD-00014,PRD-003,2,18000.0,18000.0,0.0
ITM-000029,ORD-00014,PRD-004,2,7500.0,7500.0,0.0
ITM-000030,ORD-00014,PRD-004,2,7500.0,7500.0,0.0
ITM-000031,ORD-00015,PRD-003,1,19500.0,19500.0,0.0
ITM-000032,ORD-00015,PRD-003,2,18000.0,18000.0,0.0
ITM-000033,ORD-00015,PRD-001,2,85000.0,85000.0,0.0
ITM-000034,ORD-00016,PRD-003,1,19500.0,19500.0,0.0
ITM-000035,ORD-00017,PRD-001,1,85000.0,85000.0,0.0
ITM-000036,ORD-00017,PRD-003,2,19500.0,19500.0,0.0
ITM-000037,ORD-00018,PRD-003,2,18000.0,18000.0,0.0
ITM-000038,ORD-00019,PRD-003,2,19500.0,19500.0,0.0
ITM-000039,ORD-00020,PRD-003,1,19500.0,19500.0,0.0
ITM-000040,ORD-00021,PRD-003,1,18000.0,18000.0,0.0
ITM-000041,ORD-00021,PRD-003,2,19500.0,19500.0,0.0
ITM-000042,ORD-00022,PRD-001,1,85000.0,85000.0,0.0
ITM-000043,ORD-00022,PRD-003,1,18000.0,18000.0,0.0
ITM-000044,ORD-00023,PRD-002,1,14500.0,14500.0,0.0
ITM-000045,ORD-00023,PRD-002,2,14500.0,14500.0,0.0
ITM-000046,ORD-00023,PRD-005,1,250000.0,250000.0,0.0
ITM-000047,ORD-00024,PRD-003,1,18000.0,18000.0,0.0
ITM-000048,ORD-00025,PRD-004,1,7500.0,7500.0,0.0
ITM-000049,ORD-00026,PRD-004,2,7500.0,7500.0,0.0
ITM-000050,ORD-00026,PRD-005,2,250000.0,250000.0,0.0
ITM-000051,ORD-00027,PRD-003,2,18000.0,18000.0,0.0
ITM-000052,ORD-00027,PRD-005,1,250000.0,250000.0,0.0
ITM-000053,ORD-00028,PRD-003,2,19500.0,19500.0,0.0
ITM-000054,ORD-00028,PRD-003,1,18000.0,18000.0,0.0
ITM-000055,ORD-00029,PRD-001,2,85000.0,85000.0,0.0
ITM-000056,ORD-00029,PRD-003,1,18000.0,18000.0,0.0
ITM-000057,ORD-00030,PRD-001,1,85000.0,85000.0,0.0
ITM-000058,ORD-00030,PRD-001,1,85000.0,85000.0,0.0
ITM-000059,ORD-00030,PRD-005,2,250000.0,250000.0,0.0
ITM-000060,ORD-00031,PRD-001,1,85000.0,85000.0,0.0
ITM-000061,ORD-00031,PRD-003,1,18000.0,18000.0,0.0
ITM-000062,ORD-00032,PRD-004,2,7500.0,7500.0,0.0
ITM-000063,ORD-00032,PRD-003,2,19500.0,19500.0,0.0
ITM-000064,ORD-00032,PRD-003,2,18000.0,18000.0,0.0
ITM-000065,ORD-00033,PRD-005,1,250000.0,250000.0,0.0
ITM-000066,ORD-00034,PRD-003,1,18000.0,18000.0,0.0
ITM-000067,ORD-00034,PRD-002,2,14500.0,14500.0,0.0
ITM-000068,ORD-00034,PRD-002,2,14500.0,14500.0,0.0
ITM-000069,ORD-00035,PRD-004,2,7500.0,7500.0,0.0
ITM-000070,ORD-00036,PRD-003,2,19500.0,19500.0,0.0
ITM-000071,ORD-00036,PRD-002,1,14500.0,14500.0,0.0
ITM-000072,ORD-00037,PRD-005,1,250000.0,250000.0,0.0
ITM-000073,ORD-00037,PRD-002,1,14500.0,14500.0,0.0
ITM-000074,ORD-00037,PRD-004,2,7500.0,7500.0,0.0
ITM-000075,ORD-00038,PRD-003,2,19500.0,19500.0,0.0
ITM-000076,ORD-00038,PRD-003,2,19500.0,19500.0,0.0
ITM-000077,ORD-00038,PRD-004,2,7500.0,7500.0,0.0
ITM-000078,ORD-00039,PRD-002,2,14500.0,14500.0,0.0
ITM-000079,ORD-00039,PRD-005,1,250000.0,250000.0,0.0
ITM-000080,ORD-00039,PRD-002,1,14500.0,14500.0,0.0
ITM-000081,ORD-00040,PRD-001,1,85000.0,85000.0,0.0
ITM-000082,ORD-00040,PRD-003,2,18000.0,18000.0,0.0
ITM-000083,ORD-00041,PRD-001,1,85000.0,85000.0,0.0
ITM-000084,ORD-00041,PRD-005,1,250000.0,250000.0,0.0
ITM-000085,ORD-00042,PRD-001,2,85000.0,85000.0,0.0
ITM-000086,ORD-00042,PRD-005,2,250000.0,250000.0,0.0
ITM-000087,ORD-00043,PRD-001,2,85000.0,85000.0,0.0
ITM-000088,ORD-00043,PRD-005,2,250000.0,250000.0,0.0
ITM-000089,ORD-00043,PRD-004,2,7500.0,7500.0,0.0
ITM-000090,ORD-00044,PRD-003,1,18000.0,18000.0,0.0
ITM-000091,ORD-00044,PRD-002,2,14500.0,14500.0,0.0
ITM-000092,ORD-00044,PRD-004,2,7500.0,7500.0,0.0
ITM-000093,ORD-00045,PRD-003,2,19500.0,19500.0,0.0
ITM-000094,ORD-00045,PRD-003,1,18000.0,18000.0,0.0
ITM-000095,ORD-00046,PRD-001,2,85000.0,85000.0,0.0
ITM-000096,ORD-00046,PRD-001,2,85000.0,85000.0,0.0
ITM-000097,ORD-00046,PRD-003,2,18000.0,18000.0,0.0
ITM-000098,ORD-00047,PRD-004,2,7500.0,7500.0,0.0
ITM-000099,ORD-00048,PRD-003,2,18000.0,18000.0,0.0
ITM-000100,ORD-00049,PRD-004,1,7500.0,7500.0,0.0
ITM-000101,ORD-00049,PRD-004,2,7500.0,7500.0,0.0
ITM-000102,ORD-00050,PRD-003,2,18000.0,18000.0,0.0
ITM-000103,ORD-00050,PRD-003,2,19500.0,19500.0,0.0
ITM-000104,ORD-00050,PRD-003,1,19500.0,19500.0,0.0
ITM-000105,ORD-00051,PRD-003,2,18000.0,18000.0,0.0
ITM-000106,ORD-00052,PRD-004,2,7500.0,7500.0,0.0
ITM-000107,ORD-00052,PRD-002,2,14500.0,14500.0,0.0
ITM-000108,ORD-00052,PRD-004,2,7500.0,7500.0,0.0
ITM-000109,ORD-00053,PRD-003,1,19500.0,19500.0,0.0
ITM-000110,ORD-00053,PRD-003,1,19500.0,19500.0,0.0
ITM-000111,ORD-00053,PRD-003,2,18000.0,18000.0,0.0
ITM-000112,ORD-00054,PRD-002,2,14500.0,14500.0,0.0
ITM-000113,ORD-00055,PRD-005,1,250000.0,250000.0,0.0
ITM-000114,ORD-00055,PRD-001,2,85000.0,85000.0,0.0
ITM-000115,ORD-00056,PRD-003,2,18000.0,18000.0,0.0
ITM-000116,ORD-00056,PRD-004,1,7500.0,7500.0,0.0
ITM-000117,ORD-00057,PRD-001,1,85000.0,85000.0,0.0
ITM-000118,ORD-00057,PRD-003,1,19500.0,19500.0,0.0
ITM-000119,ORD-00058,PRD-003,1,19500.0,19500.0,0.0
ITM-000120,ORD-00058,PRD-002,2,14500.0,14500.0,0.0
ITM-000121,ORD-00059,PRD-005,1,250000.0,250000.0,0.0
ITM-000122,ORD-00059,PRD-003,1,19500.0,19500.0,0.0
ITM-000123,ORD-00059,PRD-002,2,14500.0,14500.0,0.0
ITM-000124,ORD-00060,PRD-004,1,7500.0,7500.0,0.0
ITM-000125,ORD-00060,PRD-001,2,85000.0,85000.0,0.0
ITM-000126,ORD-00060,PRD-003,2,18000.0,18000.0,0.0
ITM-000127,ORD-00061,PRD-001,1,85000.0,85000.0,0.0
ITM-000128,ORD-00061,PRD-003,2,19500.0,19500.0,0.0
ITM-000129,ORD-00062,PRD-004,1,7500.0,7500.0,0.0
ITM-000130,ORD-00063,PRD-005,1,250000.0,250000.0,0.0
ITM-000131,ORD-00064,PRD-003,1,19500.0,19500.0,0.0
ITM-000132,ORD-00064,PRD-004,2,7500.0,7500.0,0.0
ITM-000133,ORD-00065,PRD-002,2,14500.0,14500.0,0.0
ITM-000134,ORD-00066,PRD-003,1,18000.0,18000.0,0.0
ITM-000135,ORD-00066,PRD-003,1,19500.0,19500.0,0.0
ITM-000136,ORD-00066,PRD-002,1,14500.0,14500.0,0.0
ITM-000137,ORD-00067,PRD-001,2,85000.0,85000.0,0.0
ITM-000138,ORD-00067,PRD-004,1,7500.0,7500.0,0.0
ITM-000139,ORD-00068,PRD-002,2,14500.0,14500.0,0.0
ITM-000140,ORD-00068,PRD-001,2,85000.0,85000.0,0.0
ITM-000141,ORD-00068,PRD-004,1,7500.0,7500.0,0.0
ITM-000142,ORD-00069,PRD-001,1,85000.0,85000.0,0.0
ITM-000143,ORD-00070,PRD-003,2,18000.0,18000.0,0.0
ITM-000144,ORD-00070,PRD-004,1,7500.0,7500.0,0.0
ITM-000145,ORD-00071,PRD-005,2,250000.0,250000.0,0.0
ITM-000146,ORD-00072,PRD-005,2,250000.0,250000.0,0.0
ITM-000147,ORD-00072,PRD-001,2,85000.0,85000.0,0.0
ITM-000148,ORD-00072,PRD-003,1,18000.0,18000.0,0.0
ITM-000149,ORD-00073,PRD-003,1,18000.0,18000.0,0.0
ITM-000150,ORD-00074,PRD-003,1,18000.0,18000.0,0.0
ITM-000151,ORD-00075,PRD-001,1,85000.0,85000.0,0.0
ITM-000152,ORD-00076,PRD-002,2,14500.0,14500.0,0.0
ITM-000153,ORD-00077,PRD-003,1,18000.0,18000.0,0.0
ITM-000154,ORD-00077,PRD-003,1,19500.0,19500.0,0.0
ITM-000155,ORD-00078,PRD-003,1,19500.0,19500.0,0.0
ITM-000156,ORD-00078,PRD-003,2,19500.0,19500.0,0.0
ITM-000157,ORD-00079,PRD-005,2,250000.0,250000.0,0.0
ITM-000158,ORD-00079,PRD-003,2,19500.0,19500.0,0.0
ITM-000159,ORD-00079,PRD-003,2,19500.0,19500.0,0.0
ITM-000160,ORD-00080,PRD-002,2,14500.0,14500.0,0.0
ITM-000161,ORD-00080,PRD-003,1,19500.0,19500.0,0.0
ITM-000162,ORD-00080,PRD-003,2,19500.0,19500.0,0.0
ITM-000163,ORD-00081,PRD-003,2,18000.0,18000.0,0.0
ITM-000164,ORD-00081,PRD-002,2,14500.0,14500.0,0.0
ITM-000165,ORD-00081,PRD-001,1,85000.0,85000.0,0.0
ITM-000166,ORD-00082,PRD-001,2,85000.0,85000.0,0.0
ITM-000167,ORD-00082,PRD-005,1,250000.0,250000.0,0.0
ITM-000168,ORD-00082,PRD-003,2,19500.0,19500.0,0.0
ITM-000169,ORD-00083,PRD-004,1,7500.0,7500.0,0.0
ITM-000170,ORD-00083,PRD-002,2,14500.0,14500.0,0.0
ITM-000171,ORD-00083,PRD-002,1,14500.0,14500.0,0.0
ITM-000172,ORD-00084,PRD-004,1,7500.0,7500.0,0.0
ITM-000173,ORD-00084,PRD-004,2,7500.0,7500.0,0.0
ITM-000174,ORD-00085,PRD-002,1,14500.0,14500.0,0.0
ITM-000175,ORD-00086,PRD-005,1,250000.0,250000.0,0.0
ITM-000176,ORD-00087,PRD-004,1,7500.0,7500.0,0.0
ITM-000177,ORD-00087,PRD-001,1,85000.0,85000.0,0.0
ITM-000178,ORD-00087,PRD-002,1,14500.0,14500.0,0.0
ITM-000179,ORD-00088,PRD-003,1,18000.0,18000.0,0.0
ITM-000180,ORD-00088,PRD-004,1,7500.0,7500.0,0.0
ITM-000181,ORD-00089,PRD-005,2,250000.0,250000.0,0.0
ITM-000182,ORD-00089,PRD-001,1,85000.0,85000.0,0.0
ITM-000183,ORD-00089,PRD-003,1,19500.0,19500.0,0.0
ITM-000184,ORD-00090,PRD-003,1,18000.0,18000.0,0.0
ITM-000185,ORD-00090,PRD-001,2,85000.0,85000.0,0.0
ITM-000186,ORD-00091,PRD-004,2,7500.0,7500.0,0.0
ITM-000187,ORD-00091,PRD-001,2,85000.0,85000.0,0.0
ITM-000188,ORD-00091,PRD-005,1,250000.0,250000.0,0.0
ITM-000189,ORD-00092,PRD-005,2,250000.0,250000.0,0.0
ITM-000190,ORD-00092,PRD-003,1,18000.0,18000.0,0.0
ITM-000191,ORD-00092,PRD-003,1,19500.0,19500.0,0.0
ITM-000192,ORD-00093,PRD-002,2,14500.0,14500.0,0.0
ITM-000193,ORD-00094,PRD-002,1,14500.0,14500.0,0.0
ITM-000194,ORD-00094,PRD-004,1,7500.0,7500.0,0.0
ITM-000195,ORD-00095,PRD-001,1,85000.0,85000.0,0.0
ITM-000196,ORD-00096,PRD-003,2,19500.0,19500.0,0.0
ITM-000197,ORD-00096,PRD-004,2,7500.0,7500.0,0.0
ITM-000198,ORD-00096,PRD-005,2,250000.0,250000.0,0.0
ITM-000199,ORD-00097,PRD-004,1,7500.0,7500.0,0.0
ITM-000200,ORD-00097,PRD-003,1,18000.0,18000.0,0.0
ITM-000201,ORD-00098,PRD-001,2,85000.0,85000.0,0.0
ITM-000202,ORD-00098,PRD-003,1,19500.0,19500.0,0.0
ITM-000203,ORD-00098,PRD-003,1,19500.0,19500.0,0.0
ITM-000204,ORD-00099,PRD-005,1,250000.0,250000.0,0.0
ITM-000205,ORD-00099,PRD-004,1,7500.0,7500.0,0.0
ITM-000206,ORD-00100,PRD-003,2,18000.0,18000.0,0.0
ITM-000207,ORD-00100,PRD-003,2,19500.0,19500.0,0.0
ITM-000208,ORD-00101,PRD-001,2,85000.0,85000.0,0.0
ITM-000209,ORD-00101,PRD-003,2,18000.0,18000.0,0.0
ITM-000210,ORD-00102,PRD-003,2,18000.0,18000.0,0.0
ITM-000211,ORD-00102,PRD-002,1,14500.0,14500.0,0.0
ITM-000212,ORD-00103,PRD-005,2,250000.0,250000.0,0.0
ITM-000213,ORD-00104,PRD-002,1,14500.0,14500.0,0.0
ITM-000214,ORD-00104,PRD-002,1,14500.0,14500.0,0.0
ITM-000215,ORD-00105,PRD-005,2,250000.0,250000.0,0.0
ITM-000216,ORD-00106,PRD-003,1,19500.0,19500.0,0.0
ITM-000217,ORD-00106,PRD-003,2,19500.0,19500.0,0.0
ITM-000218,ORD-00106,PRD-005,1,250000.0,250000.0,0.0
ITM-000219,ORD-00107,PRD-003,2,18000.0,18000.0,0.0
ITM-000220,ORD-00108,PRD-004,2,7500.0,7500.0,0.0
ITM-000221,ORD-00108,PRD-002,1,14500.0,14500.0,0.0
ITM-000222,ORD-00108,PRD-004,1,7500.0,7500.0,0.0
ITM-000223,ORD-00109,PRD-003,1,18000.0,18000.0,0.0
ITM-000224,ORD-00110,PRD-003,1,18000.0,18000.0,0.0
ITM-000225,ORD-00110,PRD-003,1,19500.0,19500.0,0.0
ITM-000226,ORD-00111,PRD-003,1,18000.0,18000.0,0.0
ITM-000227,ORD-00112,PRD-005,1,250000.0,250000.0,0.0
ITM-000228,ORD-00112,PRD-005,2,250000.0,250000.0,0.0
ITM-000229,ORD-00113,PRD-005,2,250000.0,250000.0,0.0
ITM-000230,ORD-00113,PRD-001,2,85000.0,85000.0,0.0
ITM-000231,ORD-00113,PRD-002,2,14500.0,14500.0,0.0
ITM-000232,ORD-00114,PRD-003,1,19500.0,19500.0,0.0
ITM-000233,ORD-00115,PRD-003,1,18000.0,18000.0,0.0
ITM-000234,ORD-00115,PRD-004,2,7500.0,7500.0,0.0
ITM-000235,ORD-00115,PRD-002,1,14500.0,14500.0,0.0
ITM-000236,ORD-00116,PRD-001,2,85000.0,85000.0,0.0
ITM-000237,ORD-00116,PRD-003,1,19500.0,19500.0,0.0
ITM-000238,ORD-00116,PRD-005,2,250000.0,250000.0,0.0
ITM-000239,ORD-00117,PRD-005,1,250000.0,250000.0,0.0
ITM-000240,ORD-00117,PRD-004,2,7500.0,7500.0,0.0
ITM-000241,ORD-00117,PRD-002,1,14500.0,14500.0,0.0
ITM-000242,ORD-00118,PRD-003,1,19500.0,19500.0,0.0
ITM-000243,ORD-00118,PRD-002,1,14500.0,14500.0,0.0
ITM-000244,ORD-00118,PRD-005,2,250000.0,250000.0,0.0
ITM-000245,ORD-00119,PRD-004,2,7500.0,7500.0,0.0
ITM-000246,ORD-00119,PRD-004,2,7500.0,7500.0,0.0
ITM-000247,ORD-00120,PRD-001,2,85000.0,85000.0,0.0
ITM-000248,ORD-00120,PRD-003,2,19500.0,19500.0,0.0
ITM-000249,ORD-00121,PRD-004,2,7500.0,7500.0,0.0
ITM-000250,ORD-00121,PRD-001,2,85000.0,85000.0,0.0
ITM-000251,ORD-00122,PRD-005,2,250000.0,250000.0,0.0
ITM-000252,ORD-00122,PRD-003,2,18000.0,18000.0,0.0
ITM-000253,ORD-00123,PRD-005,2,250000.0,250000.0,0.0
ITM-000254,ORD-00124,PRD-004,1,7500.0,7500.0,0.0
ITM-000255,ORD-00124,PRD-001,1,85000.0,85000.0,0.0
ITM-000256,ORD-00125,PRD-003,1,19500.0,19500.0,0.0
ITM-000257,ORD-00125,PRD-004,1,7500.0,7500.0,0.0
ITM-000258,ORD-00126,PRD-003,2,18000.0,18000.0,0.0
ITM-000259,ORD-00126,PRD-003,2,18000.0,18000.0,0.0
ITM-000260,ORD-00126,PRD-002,1,14500.0,14500.0,0.0
ITM-000261,ORD-00127,PRD-003,2,18000.0,18000.0,0.0
ITM-000262,ORD-00127,PRD-002,2,14500.0,14500.0,0.0
ITM-000263,ORD-00128,PRD-003,1,19500.0,19500.0,0.0
ITM-000264,ORD-00128,PRD-005,2,250000.0,250000.0,0.0
ITM-000265,ORD-00128,PRD-005,2,250000.0,250000.0,0.0
ITM-000266,ORD-00129,PRD-004,1,7500.0,7500.0,0.0
ITM-000267,ORD-00129,PRD-001,1,85000.0,85000.0,0.0
ITM-000268,ORD-00130,PRD-004,1,7500.0,7500.0,0.0
ITM-000269,ORD-00130,PRD-004,1,7500.0,7500.0,0.0
ITM-000270,ORD-00131,PRD-004,1,7500.0,7500.0,0.0
ITM-000271,ORD-00131,PRD-002,2,14500.0,14500.0,0.0
ITM-000272,ORD-00132,PRD-005,1,250000.0,250000.0,0.0
ITM-000273,ORD-00132,PRD-002,2,14500.0,14500.0,0.0
ITM-000274,ORD-00132,PRD-004,1,7500.0,7500.0,0.0
ITM-000275,ORD-00133,PRD-004,2,7500.0,7500.0,0.0
ITM-000276,ORD-00133,PRD-001,2,85000.0,85000.0,0.0
ITM-000277,ORD-00134,PRD-004,1,7500.0,7500.0,0.0
ITM-000278,ORD-00135,PRD-001,1,85000.0,85000.0,0.0
ITM-000279,ORD-00135,PRD-001,1,85000.0,85000.0,0.0
ITM-000280,ORD-00135,PRD-005,2,250000.0,250000.0,0.0
ITM-000281,ORD-00136,PRD-005,2,250000.0,250000.0,0.0
ITM-000282,ORD-00136,PRD-003,1,19500.0,19500.0,0.0
ITM-000283,ORD-00137,PRD-003,2,19500.0,19500.0,0.0
ITM-000284,ORD-00137,PRD-003,1,19500.0,19500.0,0.0
ITM-000285,ORD-00138,PRD-002,2,14500.0,14500.0,0.0
ITM-000286,ORD-00138,PRD-004,1,7500.0,7500.0,0.0
ITM-000287,ORD-00139,PRD-001,2,85000.0,85000.0,0.0
ITM-000288,ORD-00140,PRD-002,2,14500.0,14500.0,0.0
ITM-000289,ORD-00141,PRD-003,1,19500.0,19500.0,0.0
ITM-000290,ORD-00141,PRD-002,2,14500.0,14500.0,0.0
ITM-000291,ORD-00141,PRD-001,1,85000.0,85000.0,0.0
ITM-000292,ORD-00142,PRD-003,2,18000.0,18000.0,0.0
ITM-000293,ORD-00143,PRD-004,2,7500.0,7500.0,0.0
ITM-000294,ORD-00143,PRD-001,2,85000.0,85000.0,0.0
ITM-000295,ORD-00144,PRD-001,2,85000.0,85000.0,0.0
ITM-000296,ORD-00145,PRD-004,1,7500.0,7500.0,0.0
ITM-000297,ORD-00145,PRD-001,1,85000.0,85000.0,0.0
ITM-000298,ORD-00146,PRD-004,1,7500.0,7500.0,0.0
ITM-000299,ORD-00146,PRD-003,2,18000.0,18000.0,0.0
ITM-000300,ORD-00146,PRD-002,2,14500.0,14500.0,0.0
ITM-000301,ORD-00147,PRD-005,2,250000.0,250000.0,0.0
ITM-000302,ORD-00147,PRD-003,1,19500.0,19500.0,0.0
ITM-000303,ORD-00148,PRD-003,2,19500.0,19500.0,0.0
ITM-000304,ORD-00148,PRD-005,1,250000.0,250000.0,0.0
ITM-000305,ORD-00148,PRD-005,1,250000.0,250000.0,0.0
ITM-000306,ORD-00149,PRD-005,1,250000.0,250000.0,0.0
ITM-000307,ORD-00150,PRD-003,1,19500.0,19500.0,0.0
ITM-000308,ORD-00151,PRD-002,1,14500.0,14500.0,0.0
ITM-000309,ORD-00151,PRD-004,2,7500.0,7500.0,0.0
ITM-000310,ORD-00151,PRD-005,2,250000.0,250000.0,0.0
ITM-000311,ORD-00152,PRD-005,2,250000.0,250000.0,0.0
ITM-000312,ORD-00152,PRD-004,2,7500.0,7500.0,0.0
ITM-000313,ORD-00153,PRD-002,2,14500.0,14500.0,0.0
ITM-000314,ORD-00153,PRD-003,2,18000.0,18000.0,0.0
ITM-000315,ORD-00153,PRD-003,2,18000.0,18000.0,0.0
ITM-000316,ORD-00154,PRD-001,2,85000.0,85000.0,0.0
ITM-000317,ORD-00154,PRD-005,1,250000.0,250000.0,0.0
ITM-000318,ORD-00155,PRD-004,2,7500.0,7500.0,0.0
ITM-000319,ORD-00155,PRD-002,1,14500.0,14500.0,0.0
ITM-000320,ORD-00156,PRD-002,1,14500.0,14500.0,0.0
ITM-000321,ORD-00156,PRD-001,2,85000.0,85000.0,0.0
ITM-000322,ORD-00156,PRD-003,2,18000.0,18000.0,0.0
ITM-000323,ORD-00157,PRD-005,1,250000.0,250000.0,0.0
ITM-000324,ORD-00157,PRD-003,2,18000.0,18000.0,0.0
ITM-000325,ORD-00158,PRD-005,1,250000.0,250000.0,0.0
ITM-000326,ORD-00158,PRD-002,2,14500.0,14500.0,0.0
ITM-000327,ORD-00158,PRD-002,1,14500.0,14500.0,0.0
ITM-000328,ORD-00159,PRD-004,1,7500.0,7500.0,0.0
ITM-000329,ORD-00159,PRD-003,2,18000.0,18000.0,0.0
ITM-000330,ORD-00159,PRD-003,2,19500.0,19500.0,0.0
ITM-000331,ORD-00160,PRD-003,2,19500.0,19500.0,0.0
ITM-000332,ORD-00160,PRD-005,1,250000.0,250000.0,0.0
ITM-000333,ORD-00160,PRD-001,2,85000.0,85000.0,0.0
ITM-000334,ORD-00161,PRD-003,1,18000.0,18000.0,0.0
ITM-000335,ORD-00161,PRD-003,1,19500.0,19500.0,0.0
ITM-000336,ORD-00161,PRD-002,1,14500.0,14500.0,0.0
ITM-000337,ORD-00162,PRD-003,2,18000.0,18000.0,0.0
ITM-000338,ORD-00162,PRD-004,1,7500.0,7500.0,0.0
ITM-000339,ORD-00163,PRD-003,1,18000.0,18000.0,0.0
ITM-000340,ORD-00163,PRD-003,2,19500.0,19500.0,0.0
ITM-000341,ORD-00164,PRD-002,2,14500.0,14500.0,0.0
ITM-000342,ORD-00164,PRD-005,2,250000.0,250000.0,0.0
ITM-000343,ORD-00165,PRD-004,1,7500.0,7500.0,0.0
ITM-000344,ORD-00165,PRD-004,2,7500.0,7500.0,0.0
ITM-000345,ORD-00165,PRD-004,2,7500.0,7500.0,0.0
ITM-000346,ORD-00166,PRD-004,1,7500.0,7500.0,0.0
ITM-000347,ORD-00166,PRD-002,2,14500.0,14500.0,0.0
ITM-000348,ORD-00166,PRD-004,2,7500.0,7500.0,0.0
ITM-000349,ORD-00167,PRD-001,2,85000.0,85000.0,0.0
ITM-000350,ORD-00167,PRD-002,2,14500.0,14500.0,0.0
ITM-000351,ORD-00168,PRD-003,1,18000.0,18000.0,0.0
ITM-000352,ORD-00168,PRD-005,1,250000.0,250000.0,0.0
ITM-000353,ORD-00169,PRD-001,2,85000.0,85000.0,0.0
ITM-000354,ORD-00170,PRD-003,2,19500.0,19500.0,0.0
ITM-000355,ORD-00170,PRD-003,2,19500.0,19500.0,0.0
ITM-000356,ORD-00171,PRD-004,1,7500.0,7500.0,0.0
ITM-000357,ORD-00171,PRD-005,1,250000.0,250000.0,0.0
ITM-000358,ORD-00172,PRD-003,1,19500.0,19500.0,0.0
ITM-000359,ORD-00172,PRD-002,2,14500.0,14500.0,0.0
ITM-000360,ORD-00172,PRD-003,1,18000.0,18000.0,0.0
ITM-000361,ORD-00173,PRD-002,1,14500.0,14500.0,0.0
ITM-000362,ORD-00174,PRD-005,1,250000.0,250000.0,0.0
ITM-000363,ORD-00175,PRD-002,2,14500.0,14500.0,0.0
ITM-000364,ORD-00175,PRD-004,2,7500.0,7500.0,0.0
ITM-000365,ORD-00176,PRD-001,1,85000.0,85000.0,0.0
ITM-000366,ORD-00176,PRD-005,2,250000.0,250000.0,0.0
ITM-000367,ORD-00177,PRD-005,2,250000.0,250000.0,0.0
ITM-000368,ORD-00177,PRD-003,1,19500.0,19500.0,0.0
ITM-000369,ORD-00178,PRD-005,1,250000.0,250000.0,0.0
ITM-000370,ORD-00178,PRD-003,1,19500.0,19500.0,0.0
ITM-000371,ORD-00179,PRD-002,2,14500.0,14500.0,0.0
ITM-000372,ORD-00179,PRD-005,1,250000.0,250000.0,0.0
ITM-000373,ORD-00180,PRD-005,1,250000.0,250000.0,0.0
ITM-000374,ORD-00180,PRD-001,1,85000.0,85000.0,0.0
ITM-000375,ORD-00181,PRD-002,1,14500.0,14500.0,0.0
ITM-000376,ORD-00182,PRD-004,2,7500.0,7500.0,0.0
ITM-000377,ORD-00183,PRD-004,2,7500.0,7500.0,0.0
ITM-000378,ORD-00183,PRD-003,1,19500.0,19500.0,0.0
ITM-000379,ORD-00184,PRD-002,1,14500.0,14500.0,0.0
ITM-000380,ORD-00184,PRD-001,2,85000.0,85000.0,0.0
ITM-000381,ORD-00184,PRD-004,2,7500.0,7500.0,0.0
ITM-000382,ORD-00185,PRD-004,2,7500.0,7500.0,0.0
ITM-000383,ORD-00185,PRD-003,2,18000.0,18000.0,0.0
ITM-000384,ORD-00186,PRD-005,2,250000.0,250000.0,0.0
ITM-000385,ORD-00187,PRD-003,1,19500.0,19500.0,0.0
ITM-000386,ORD-00188,PRD-003,1,18000.0,18000.0,0.0
ITM-000387,ORD-00188,PRD-004,2,7500.0,7500.0,0.0
ITM-000388,ORD-00189,PRD-004,2,7500.0,7500.0,0.0
ITM-000389,ORD-00190,PRD-001,1,85000.0,85000.0,0.0
ITM-000390,ORD-00191,PRD-003,1,19500.0,19500.0,0.0
ITM-000391,ORD-00191,PRD-003,2,18000.0,18000.0,0.0
ITM-000392,ORD-00192,PRD-005,1,250000.0,250000.0,0.0
ITM-000393,ORD-00192,PRD-001,2,85000.0,85000.0,0.0
ITM-000394,ORD-00192,PRD-003,2,19500.0,19500.0,0.0
ITM-000395,ORD-00193,PRD-003,2,19500.0,19500.0,0.0
ITM-000396,ORD-00193,PRD-004,1,7500.0,7500.0,0.0
ITM-000397,ORD-00194,PRD-001,2,85000.0,85000.0,0.0
ITM-000398,ORD-00195,PRD-002,2,14500.0,14500.0,0.0
ITM-000399,ORD-00195,PRD-001,2,85000.0,85000.0,0.0
ITM-000400,ORD-00195,PRD-002,1,14500.0,14500.0,0.0
ITM-000401,ORD-00196,PRD-005,2,250000.0,250000.0,0.0
ITM-000402,ORD-00196,PRD-001,1,85000.0,85000.0,0.0
ITM-000403,ORD-00196,PRD-003,1,19500.0,19500.0,0.0
ITM-000404,ORD-00197,PRD-003,1,19500.0,19500.0,0.0
ITM-000405,ORD-00197,PRD-003,2,18000.0,18000.0,0.0
ITM-000406,ORD-00198,PRD-001,1,85000.0,85000.0,0.0
ITM-000407,ORD-00198,PRD-003,1,18000.0,18000.0,0.0
ITM-000408,ORD-00198,PRD-003,1,19500.0,19500.0,0.0
ITM-000409,ORD-00199,PRD-003,2,18000.0,18000.0,0.0
ITM-000410,ORD-00199,PRD-001,1,85000.0,85000.0,0.0
ITM-000411,ORD-00200,PRD-001,1,85000.0,85000.0,0.0
ITM-000412,ORD-00201,PRD-003,2,19500.0,19500.0,0.0
ITM-000413,ORD-00201,PRD-001,1,85000.0,85000.0,0.0
ITM-000414,ORD-00202,PRD-003,2,18000.0,18000.0,0.0
ITM-000415,ORD-00202,PRD-002,1,14500.0,14500.0,0.0
ITM-000416,ORD-00203,PRD-003,1,18000.0,18000.0,0.0
ITM-000417,ORD-00203,PRD-005,2,250000.0,250000.0,0.0
ITM-000418,ORD-00204,PRD-003,2,18000.0,18000.0,0.0
ITM-000419,ORD-00204,PRD-003,2,18000.0,18000.0,0.0
ITM-000420,ORD-00205,PRD-003,1,18000.0,18000.0,0.0
ITM-000421,ORD-00205,PRD-003,2,19500.0,19500.0,0.0
ITM-000422,ORD-00206,PRD-003,2,19500.0,19500.0,0.0
ITM-000423,ORD-00206,PRD-001,1,85000.0,85000.0,0.0
ITM-000424,ORD-00207,PRD-002,2,14500.0,14500.0,0.0
ITM-000425,ORD-00207,PRD-003,1,18000.0,18000.0,0.0
ITM-000426,ORD-00207,PRD-003,2,19500.0,19500.0,0.0
ITM-000427,ORD-00208,PRD-001,2,85000.0,85000.0,0.0
ITM-000428,ORD-00208,PRD-004,2,7500.0,7500.0,0.0
ITM-000429,ORD-00209,PRD-005,1,250000.0,250000.0,0.0
ITM-000430,ORD-00209,PRD-001,1,85000.0,85000.0,0.0
ITM-000431,ORD-00209,PRD-005,2,250000.0,250000.0,0.0
ITM-000432,ORD-00210,PRD-003,1,19500.0,19500.0,0.0
ITM-000433,ORD-00210,PRD-001,1,85000.0,85000.0,0.0
ITM-000434,ORD-00211,PRD-003,1,18000.0,18000.0,0.0
ITM-000435,ORD-00212,PRD-003,2,18000.0,18000.0,0.0
ITM-000436,ORD-00212,PRD-003,1,19500.0,19500.0,0.0
ITM-000437,ORD-00213,PRD-001,2,85000.0,85000.0,0.0
ITM-000438,ORD-00213,PRD-001,1,85000.0,85000.0,0.0
ITM-000439,ORD-00214,PRD-002,1,14500.0,14500.0,0.0
ITM-000440,ORD-00214,PRD-003,2,18000.0,18000.0,0.0
ITM-000441,ORD-00214,PRD-003,1,19500.0,19500.0,0.0
ITM-000442,ORD-00215,PRD-005,1,250000.0,250000.0,0.0
ITM-000443,ORD-00216,PRD-005,1,250000.0,250000.0,0.0
ITM-000444,ORD-00216,PRD-004,1,7500.0,7500.0,0.0
ITM-000445,ORD-00217,PRD-003,2,19500.0,19500.0,0.0
ITM-000446,ORD-00217,PRD-004,2,7500.0,7500.0,0.0
ITM-000447,ORD-00217,PRD-004,2,7500.0,7500.0,0.0
ITM-000448,ORD-00218,PRD-005,2,250000.0,250000.0,0.0
ITM-000449,ORD-00218,PRD-004,1,7500.0,7500.0,0.0
ITM-000450,ORD-00218,PRD-005,1,250000.0,250000.0,0.0
ITM-000451,ORD-00219,PRD-003,2,19500.0,19500.0,0.0
ITM-000452,ORD-00219,PRD-004,1,7500.0,7500.0,0.0
ITM-000453,ORD-00219,PRD-004,2,7500.0,7500.0,0.0
ITM-000454,ORD-00220,PRD-002,2,14500.0,14500.0,0.0
ITM-000455,ORD-00220,PRD-003,1,18000.0,18000.0,0.0
ITM-000456,ORD-00220,PRD-002,2,14500.0,14500.0,0.0
ITM-000457,ORD-00221,PRD-003,2,19500.0,19500.0,0.0
ITM-000458,ORD-00222,PRD-004,1,7500.0,7500.0,0.0
ITM-000459,ORD-00223,PRD-004,2,7500.0,7500.0,0.0
ITM-000460,ORD-00223,PRD-004,1,7500.0,7500.0,0.0
ITM-000461,ORD-00224,PRD-003,1,19500.0,19500.0,0.0
ITM-000462,ORD-00224,PRD-003,1,19500.0,19500.0,0.0
ITM-000463,ORD-00224,PRD-005,1,250000.0,250000.0,0.0
ITM-000464,ORD-00225,PRD-002,2,14500.0,14500.0,0.0
ITM-000465,ORD-00226,PRD-001,2,85000.0,85000.0,0.0
ITM-000466,ORD-00227,PRD-005,1,250000.0,250000.0,0.0
ITM-000467,ORD-00227,PRD-002,2,14500.0,14500.0,0.0
ITM-000468,ORD-00227,PRD-001,2,85000.0,85000.0,0.0
ITM-000469,ORD-00228,PRD-003,2,19500.0,19500.0,0.0
ITM-000470,ORD-00228,PRD-002,2,14500.0,14500.0,0.0
ITM-000471,ORD-00228,PRD-005,2,250000.0,250000.0,0.0
ITM-000472,ORD-00229,PRD-003,2,18000.0,18000.0,0.0
ITM-000473,ORD-00229,PRD-003,2,19500.0,19500.0,0.0
ITM-000474,ORD-00229,PRD-003,1,18000.0,18000.0,0.0
ITM-000475,ORD-00230,PRD-003,1,19500.0,19500.0,0.0
ITM-000476,ORD-00230,PRD-003,1,19500.0,19500.0,0.0
ITM-000477,ORD-00230,PRD-003,2,19500.0,19500.0,0.0
ITM-000478,ORD-00231,PRD-005,1,250000.0,250000.0,0.0
ITM-000479,ORD-00231,PRD-001,1,85000.0,85000.0,0.0
ITM-000480,ORD-00232,PRD-003,1,19500.0,19500.0,0.0
ITM-000481,ORD-00233,PRD-001,2,85000.0,85000.0,0.0
ITM-000482,ORD-00233,PRD-005,1,250000.0,250000.0,0.0
ITM-000483,ORD-00234,PRD-001,1,85000.0,85000.0,0.0
ITM-000484,ORD-00234,PRD-002,2,14500.0,14500.0,0.0
ITM-000485,ORD-00234,PRD-001,1,85000.0,85000.0,0.0
ITM-000486,ORD-00235,PRD-005,1,250000.0,250000.0,0.0
ITM-000487,ORD-00235,PRD-003,1,19500.0,19500.0,0.0
ITM-000488,ORD-00236,PRD-003,1,18000.0,18000.0,0.0
ITM-000489,ORD-00236,PRD-003,1,19500.0,19500.0,0.0
ITM-000490,ORD-00237,PRD-003,1,18000.0,18000.0,0.0
ITM-000491,ORD-00237,PRD-005,1,250000.0,250000.0,0.0
ITM-000492,ORD-00238,PRD-004,2,7500.0,7500.0,0.0
ITM-000493,ORD-00239,PRD-004,2,7500.0,7500.0,0.0
ITM-000494,ORD-00240,PRD-003,2,19500.0,19500.0,0.0
ITM-000495,ORD-00240,PRD-005,1,250000.0,250000.0,0.0
ITM-000496,ORD-00240,PRD-002,2,14500.0,14500.0,0.0
ITM-000497,ORD-00241,PRD-003,2,18000.0,18000.0,0.0
ITM-000498,ORD-00242,PRD-001,1,85000.0,85000.0,0.0
ITM-000499,ORD-00243,PRD-005,2,250000.0,250000.0,0.0
ITM-000500,ORD-00243,PRD-003,2,19500.0,19500.0,0.0
ITM-000501,ORD-00243,PRD-001,1,85000.0,85000.0,0.0
ITM-000502,ORD-00244,PRD-003,1,19500.0,19500.0,0.0
ITM-000503,ORD-00244,PRD-003,2,18000.0,18000.0,0.0
ITM-000504,ORD-00245,PRD-004,1,7500.0,7500.0,0.0
ITM-000505,ORD-00245,PRD-003,1,18000.0,18000.0,0.0
ITM-000506,ORD-00245,PRD-001,1,85000.0,85000.0,0.0
ITM-000507,ORD-00246,PRD-003,1,18000.0,18000.0,0.0
ITM-000508,ORD-00246,PRD-003,1,18000.0,18000.0,0.0
ITM-000509,ORD-00246,PRD-005,2,250000.0,250000.0,0.0
ITM-000510,ORD-00247,PRD-003,1,18000.0,18000.0,0.0
ITM-000511,ORD-00248,PRD-003,1,18000.0,18000.0,0.0
ITM-000512,ORD-00249,PRD-002,1,14500.0,14500.0,0.0
ITM-000513,ORD-00250,PRD-003,1,18000.0,18000.0,0.0
ITM-000514,ORD-00251,PRD-004,1,7500.0,7500.0,0.0
ITM-000515,ORD-00252,PRD-001,2,85000.0,85000.0,0.0
ITM-000516,ORD-00252,PRD-001,2,85000.0,85000.0,0.0
ITM-000517,ORD-00253,PRD-003,1,19500.0,19500.0,0.0
ITM-000518,ORD-00253,PRD-005,1,250000.0,250000.0,0.0
ITM-000519,ORD-00253,PRD-002,1,14500.0,14500.0,0.0
ITM-000520,ORD-00254,PRD-001,2,85000.0,85000.0,0.0
ITM-000521,ORD-00254,PRD-005,2,250000.0,250000.0,0.0
ITM-000522,ORD-00255,PRD-001,1,85000.0,85000.0,0.0
ITM-000523,ORD-00256,PRD-002,2,14500.0,14500.0,0.0
ITM-000524,ORD-00256,PRD-001,1,85000.0,85000.0,0.0
ITM-000525,ORD-00256,PRD-003,1,19500.0,19500.0,0.0
ITM-000526,ORD-00257,PRD-003,2,19500.0,19500.0,0.0
ITM-000527,ORD-00257,PRD-002,1,14500.0,14500.0,0.0
ITM-000528,ORD-00258,PRD-003,1,19500.0,19500.0,0.0
ITM-000529,ORD-00258,PRD-004,2,7500.0,7500.0,0.0
ITM-000530,ORD-00259,PRD-003,1,18000.0,18000.0,0.0
ITM-000531,ORD-00259,PRD-002,2,14500.0,14500.0,0.0
ITM-000532,ORD-00259,PRD-002,1,14500.0,14500.0,0.0
ITM-000533,ORD-00260,PRD-002,1,14500.0,14500.0,0.0
ITM-000534,ORD-00260,PRD-003,2,19500.0,19500.0,0.0
ITM-000535,ORD-00261,PRD-001,1,85000.0,85000.0,0.0
ITM-000536,ORD-00262,PRD-004,2,7500.0,7500.0,0.0
ITM-000537,ORD-00262,PRD-001,1,85000.0,85000.0,0.0
ITM-000538,ORD-00262,PRD-001,1,85000.0,85000.0,0.0
ITM-000539,ORD-00263,PRD-001,1,85000.0,85000.0,0.0
ITM-000540,ORD-00263,PRD-004,2,7500.0,7500.0,0.0
ITM-000541,ORD-00264,PRD-002,1,14500.0,14500.0,0.0
ITM-000542,ORD-00264,PRD-003,2,18000.0,18000.0,0.0
ITM-000543,ORD-00265,PRD-003,2,19500.0,19500.0,0.0
ITM-000544,ORD-00265,PRD-001,1,85000.0,85000.0,0.0
ITM-000545,ORD-00266,PRD-004,1,7500.0,7500.0,0.0
ITM-000546,ORD-00266,PRD-003,2,19500.0,19500.0,0.0
ITM-000547,ORD-00266,PRD-003,2,19500.0,19500.0,0.0
ITM-000548,ORD-00267,PRD-002,1,14500.0,14500.0,0.0
ITM-000549,ORD-00267,PRD-003,1,18000.0,18000.0,0.0
ITM-000550,ORD-00267,PRD-003,2,19500.0,19500.0,0.0
ITM-000551,ORD-00268,PRD-005,1,250000.0,250000.0,0.0
ITM-000552,ORD-00268,PRD-002,2,14500.0,14500.0,0.0
ITM-000553,ORD-00268,PRD-003,1,18000.0,18000.0,0.0
ITM-000554,ORD-00269,PRD-005,2,250000.0,250000.0,0.0
ITM-000555,ORD-00269,PRD-004,1,7500.0,7500.0,0.0
ITM-000556,ORD-00269,PRD-004,1,7500.0,7500.0,0.0
ITM-000557,ORD-00270,PRD-004,1,7500.0,7500.0,0.0
ITM-000558,ORD-00271,PRD-005,1,250000.0,250000.0,0.0
ITM-000559,ORD-00271,PRD-003,1,18000.0,18000.0,0.0
ITM-000560,ORD-00272,PRD-005,2,250000.0,250000.0,0.0
ITM-000561,ORD-00272,PRD-004,1,7500.0,7500.0,0.0
ITM-000562,ORD-00273,PRD-003,1,18000.0,18000.0,0.0
ITM-000563,ORD-00273,PRD-005,2,250000.0,250000.0,0.0
ITM-000564,ORD-00273,PRD-002,1,14500.0,14500.0,0.0
ITM-000565,ORD-00274,PRD-001,1,85000.0,85000.0,0.0
ITM-000566,ORD-00274,PRD-004,2,7500.0,7500.0,0.0
ITM-000567,ORD-00274,PRD-004,1,7500.0,7500.0,0.0
ITM-000568,ORD-00275,PRD-003,2,18000.0,18000.0,0.0
ITM-000569,ORD-00276,PRD-001,2,85000.0,85000.0,0.0
ITM-000570,ORD-00276,PRD-002,1,14500.0,14500.0,0.0
ITM-000571,ORD-00277,PRD-003,2,19500.0,19500.0,0.0
ITM-000572,ORD-00278,PRD-001,2,85000.0,85000.0,0.0
ITM-000573,ORD-00278,PRD-004,1,7500.0,7500.0,0.0
ITM-000574,ORD-00279,PRD-003,1,18000.0,18000.0,0.0
ITM-000575,ORD-00279,PRD-001,2,85000.0,85000.0,0.0
ITM-000576,ORD-00280,PRD-004,2,7500.0,7500.0,0.0
ITM-000577,ORD-00280,PRD-005,1,250000.0,250000.0,0.0
ITM-000578,ORD-00280,PRD-003,1,19500.0,19500.0,0.0
ITM-000579,ORD-00281,PRD-005,2,250000.0,250000.0,0.0
ITM-000580,ORD-00281,PRD-005,2,250000.0,250000.0,0.0
ITM-000581,ORD-00282,PRD-001,2,85000.0,85000.0,0.0
ITM-000582,ORD-00283,PRD-001,1,85000.0,85000.0,0.0
ITM-000583,ORD-00284,PRD-003,2,19500.0,19500.0,0.0
ITM-000584,ORD-00284,PRD-001,2,85000.0,85000.0,0.0
ITM-000585,ORD-00285,PRD-003,2,19500.0,19500.0,0.0
ITM-000586,ORD-00285,PRD-002,2,14500.0,14500.0,0.0
ITM-000587,ORD-00286,PRD-003,2,18000.0,18000.0,0.0
ITM-000588,ORD-00286,PRD-004,1,7500.0,7500.0,0.0
ITM-000589,ORD-00286,PRD-004,1,7500.0,7500.0,0.0
ITM-000590,ORD-00287,PRD-003,1,18000.0,18000.0,0.0
ITM-000591,ORD-00287,PRD-003,1,19500.0,19500.0,0.0
ITM-000592,ORD-00288,PRD-002,1,14500.0,14500.0,0.0
ITM-000593,ORD-00289,PRD-003,2,18000.0,18000.0,0.0
ITM-000594,ORD-00289,PRD-005,1,250000.0,250000.0,0.0
ITM-000595,ORD-00289,PRD-001,2,85000.0,85000.0,0.0
ITM-000596,ORD-00290,PRD-004,2,7500.0,7500.0,0.0
ITM-000597,ORD-00290,PRD-001,2,85000.0,85000.0,0.0
ITM-000598,ORD-00290,PRD-002,1,14500.0,14500.0,0.0
ITM-000599,ORD-00291,PRD-003,2,18000.0,18000.0,0.0
ITM-000600,ORD-00291,PRD-003,2,18000.0,18000.0,0.0
ITM-000601,ORD-00291,PRD-005,2,250000.0,250000.0,0.0
ITM-000602,ORD-00292,PRD-004,2,7500.0,7500.0,0.0
ITM-000603,ORD-00292,PRD-001,2,85000.0,85000.0,0.0
ITM-000604,ORD-00292,PRD-003,1,18000.0,18000.0,0.0
ITM-000605,ORD-00293,PRD-003,2,18000.0,18000.0,0.0
ITM-000606,ORD-00293,PRD-005,1,250000.0,250000.0,0.0
ITM-000607,ORD-00294,PRD-005,1,250000.0,250000.0,0.0
ITM-000608,ORD-00294,PRD-002,2,14500.0,14500.0,0.0
ITM-000609,ORD-00294,PRD-002,2,14500.0,14500.0,0.0
ITM-000610,ORD-00295,PRD-005,2,250000.0,250000.0,0.0
ITM-000611,ORD-00295,PRD-002,1,14500.0,14500.0,0.0
ITM-000612,ORD-00296,PRD-003,1,18000.0,18000.0,0.0
ITM-000613,ORD-00297,PRD-003,2,18000.0,18000.0,0.0
ITM-000614,ORD-00298,PRD-002,2,14500.0,14500.0,0.0
ITM-000615,ORD-00298,PRD-005,1,250000.0,250000.0,0.0
ITM-000616,ORD-00299,PRD-005,1,250000.0,250000.0,0.0
ITM-000617,ORD-00300,PRD-002,1,14500.0,14500.0,0.0
ITM-000618,ORD-00300,PRD-004,1,7500.0,7500.0,0.0
ITM-000619,ORD-TEST-003,PRD-002,3,14500.0,14500.0,10000.0
ITM-000620,ORD-TEST-006,PRD-001,2,55000.0,85000.0,0.0
