order_id,customer_id,order_date,order_status,gross_amount,discount_amount,tax_amount,final_amount,discount_code,sales_channel,region
ORD-00001,CUS-0075,2026-09-05,Completed,19500.0,0.0,3510.0,23010.0,NONE,Mobile,South
ORD-00002,CUS-0027,2026-08-16,Completed,192500.0,0.0,34650.0,227150.0,NONE,Website,South
ORD-00003,CUS-0095,2026-08-22,Completed,268000.0,26800.0,43416.0,284616.0,PROMO10,Website,North
ORD-00004,CUS-0029,2026-08-13,Completed,50500.0,0.0,9090.0,59590.0,NONE,Marketplace,West
ORD-00005,CUS-0009,2026-08-18,Completed,1000000.0,0.0,180000.0,1180000.0,NONE,Website,South
ORD-00006,CUS-0005,2026-08-07,Completed,558500.0,27925.0,95503.5,626078.5,PROMO10,Marketplace,North
ORD-00007,CUS-0056,2026-08-01,Completed,213500.0,21350.0,34587.0,226737.0,PROMO10,Mobile,West
ORD-00008,CUS-0040,2026-08-27,Completed,46500.0,0.0,8370.0,54870.0,NONE,Mobile,North
ORD-00009,CUS-0079,2026-08-20,Completed,43500.0,0.0,7830.0,51330.0,NONE,Mobile,North
ORD-00010,CUS-0087,2026-08-14,Completed,305500.0,0.0,54990.0,360490.0,NONE,Website,South
ORD-00011,CUS-0019,2026-08-02,Completed,29000.0,2900.0,4698.0,30798.0,PROMO10,Website,East
ORD-00012,CUS-0025,2026-08-25,Completed,34000.0,0.0,6120.0,40120.0,NONE,Mobile,East
ORD-00013,CUS-0067,2026-08-30,Completed,7500.0,0.0,1350.0,8850.0,NONE,Mobile,West
ORD-00014,CUS-0068,2026-09-05,Completed,66000.0,0.0,11880.0,77880.0,NONE,Marketplace,West
ORD-00015,CUS-0082,2026-08-18,Completed,225500.0,0.0,40590.0,266090.0,NONE,Mobile,South
ORD-00016,CUS-0018,2026-08-10,Completed,19500.0,1950.0,3159.0,20709.0,PROMO10,Website,South
ORD-00017,CUS-0070,2026-08-30,Completed,124000.0,12400.0,20088.0,131688.0,PROMO10,Marketplace,West
ORD-00018,CUS-0049,2026-08-31,Completed,36000.0,1800.0,6156.0,40356.0,PROMO10,Mobile,North
ORD-00019,CUS-0056,2026-09-01,Completed,39000.0,3900.0,6318.0,41418.0,PROMO10,Marketplace,West
ORD-00020,CUS-0017,2026-09-04,Completed,19500.0,0.0,3510.0,23010.0,NONE,Marketplace,West
ORD-00021,CUS-0007,2026-08-17,Completed,57000.0,2850.0,9747.0,63897.0,PROMO10,Mobile,East
ORD-00022,CUS-0033,2026-08-06,Completed,103000.0,10300.0,16686.0,109386.0,PROMO10,Website,West
ORD-00023,CUS-0026,2026-08-02,Completed,293500.0,29350.0,47547.0,311697.0,PROMO10,Website,West
ORD-00024,CUS-0022,2026-08-08,Completed,18000.0,1800.0,2916.0,19116.0,PROMO10,Website,South
ORD-00025,CUS-0051,2026-08-13,Completed,7500.0,0.0,1350.0,8850.0,NONE,Marketplace,South
ORD-00026,CUS-0016,2026-08-03,Completed,515000.0,0.0,92700.0,607700.0,NONE,Marketplace,North
ORD-00027,CUS-0063,2026-08-07,Completed,286000.0,14300.0,48906.0,320606.0,PROMO10,Website,East
ORD-00028,CUS-0100,2026-08-31,Completed,57000.0,0.0,10260.0,67260.0,NONE,Mobile,North
ORD-00029,CUS-0073,2026-08-25,Completed,188000.0,9400.0,32148.0,210748.0,PROMO10,Website,North
ORD-00030,CUS-0036,2026-08-18,Completed,670000.0,33500.0,114570.0,751070.0,PROMO10,Marketplace,East
ORD-00031,CUS-0092,2026-09-01,Completed,103000.0,5150.0,17613.0,115463.0,PROMO10,Marketplace,South
ORD-00032,CUS-0048,2026-08-31,Completed,90000.0,4500.0,15390.0,100890.0,PROMO10,Mobile,East
ORD-00033,CUS-0025,2026-08-21,Completed,250000.0,0.0,45000.0,295000.0,NONE,Website,East
ORD-00034,CUS-0098,2026-09-03,Completed,76000.0,0.0,13680.0,89680.0,NONE,Mobile,West
ORD-00035,CUS-0036,2026-08-03,Completed,15000.0,1500.0,2430.0,15930.0,PROMO10,Website,East
ORD-00036,CUS-0037,2026-08-31,Completed,53500.0,2675.0,9148.5,59973.5,PROMO10,Mobile,North
ORD-00037,CUS-0063,2026-08-05,Completed,279500.0,0.0,50310.0,329810.0,NONE,Website,East
ORD-00038,CUS-0078,2026-08-15,Completed,93000.0,4650.0,15903.0,104253.0,PROMO10,Marketplace,South
ORD-00039,CUS-0098,2026-08-14,Completed,293500.0,0.0,52830.0,346330.0,NONE,Marketplace,West
ORD-00040,CUS-0058,2026-08-31,Completed,121000.0,12100.0,19602.0,128502.0,PROMO10,Mobile,East
ORD-00041,CUS-ENT-001,2026-08-13,Completed,335000.0,16750.0,57285.0,375535.0,PROMO10,Website,West
ORD-00042,CUS-0077,2026-08-19,Completed,670000.0,67000.0,108540.0,711540.0,PROMO10,Mobile,South
ORD-00043,CUS-0057,2026-08-06,Completed,685000.0,0.0,123300.0,808300.0,NONE,Website,South
ORD-00044,CUS-0076,2026-08-02,Completed,62000.0,3100.0,10602.0,69502.0,PROMO10,Website,South
ORD-00045,CUS-0012,2026-08-31,Completed,57000.0,0.0,10260.0,67260.0,NONE,Mobile,West
ORD-00046,CUS-0085,2026-08-26,Completed,376000.0,0.0,67680.0,443680.0,NONE,Mobile,North
ORD-00047,CUS-0053,2026-08-04,Completed,15000.0,1500.0,2430.0,15930.0,PROMO10,Mobile,North
ORD-00048,CUS-0035,2026-09-05,Completed,36000.0,3600.0,5832.0,38232.0,PROMO10,Mobile,East
ORD-00049,CUS-0031,2026-08-11,Completed,22500.0,0.0,4050.0,26550.0,NONE,Website,South
ORD-00050,CUS-0020,2026-09-01,Completed,94500.0,4725.0,16159.5,105934.5,PROMO10,Marketplace,South
ORD-00051,CUS-0066,2026-08-09,Completed,36000.0,1800.0,6156.0,40356.0,PROMO10,Marketplace,North
ORD-00052,CUS-0093,2026-08-20,Completed,59000.0,2950.0,10089.0,66139.0,PROMO10,Mobile,South
ORD-00053,CUS-0090,2026-08-16,Completed,75000.0,7500.0,12150.0,79650.0,PROMO10,Mobile,North
ORD-00054,CUS-0020,2026-09-01,Completed,29000.0,0.0,5220.0,34220.0,NONE,Mobile,South
ORD-00055,CUS-0093,2026-08-10,Completed,420000.0,21000.0,71820.0,470820.0,PROMO10,Mobile,South
ORD-00056,CUS-0087,2026-09-04,Completed,43500.0,4350.0,7047.0,46197.0,PROMO10,Website,South
ORD-00057,CUS-0030,2026-08-06,Completed,104500.0,10450.0,16929.0,110979.0,PROMO10,Mobile,West
ORD-00058,CUS-0038,2026-08-23,Completed,48500.0,4850.0,7857.0,51507.0,PROMO10,Marketplace,South
ORD-00059,CUS-0079,2026-08-25,Completed,298500.0,29850.0,48357.0,317007.0,PROMO10,Mobile,North
ORD-00060,CUS-0060,2026-08-19,Completed,213500.0,21350.0,34587.0,226737.0,PROMO10,Mobile,West
ORD-00061,CUS-0026,2026-08-25,Completed,124000.0,12400.0,20088.0,131688.0,PROMO10,Mobile,West
ORD-00062,CUS-0051,2026-08-18,Completed,7500.0,750.0,1215.0,7965.0,PROMO10,Marketplace,South
ORD-00063,CUS-0078,2026-08-23,Completed,250000.0,25000.0,40500.0,265500.0,PROMO10,Mobile,South
ORD-00064,CUS-0083,2026-08-03,Completed,34500.0,3450.0,5589.0,36639.0,PROMO10,Website,East
ORD-00065,CUS-0054,2026-08-12,Completed,29000.0,2900.0,4698.0,30798.0,PROMO10,Marketplace,North
ORD-00066,CUS-0062,2026-08-19,Completed,52000.0,5200.0,8424.0,55224.0,PROMO10,Marketplace,West
ORD-00067,CUS-0047,2026-08-06,Completed,177500.0,8875.0,30352.5,198977.5,PROMO10,Mobile,South
ORD-00068,CUS-0048,2026-08-07,Completed,206500.0,20650.0,33453.0,219303.0,PROMO10,Website,East
ORD-00069,CUS-0053,2026-08-08,Completed,85000.0,4250.0,14535.0,95285.0,PROMO10,Mobile,North
ORD-00070,CUS-0018,2026-08-25,Completed,43500.0,2175.0,7438.5,48763.5,PROMO10,Marketplace,South
ORD-00071,CUS-0053,2026-08-18,Completed,500000.0,0.0,90000.0,590000.0,NONE,Mobile,North
ORD-00072,CUS-0013,2026-08-24,Completed,688000.0,0.0,123840.0,811840.0,NONE,Mobile,North
ORD-00073,CUS-0082,2026-08-02,Completed,18000.0,0.0,3240.0,21240.0,NONE,Marketplace,South
ORD-00074,CUS-0027,2026-08-14,Completed,18000.0,1800.0,2916.0,19116.0,PROMO10,Website,South
ORD-00075,CUS-0070,2026-08-17,Completed,85000.0,0.0,15300.0,100300.0,NONE,Website,West
ORD-00076,CUS-0076,2026-08-21,Completed,29000.0,0.0,5220.0,34220.0,NONE,Website,South
ORD-00077,CUS-0009,2026-08-31,Completed,37500.0,3750.0,6075.0,39825.0,PROMO10,Website,South
ORD-00078,CUS-0008,2026-08-31,Completed,58500.0,0.0,10530.0,69030.0,NONE,Website,West
ORD-00079,CUS-0017,2026-08-18,Completed,578000.0,0.0,104040.0,682040.0,NONE,Marketplace,West
ORD-00080,CUS-0099,2026-09-05,Completed,87500.0,4375.0,14962.5,98087.5,PROMO10,Mobile,North
ORD-00081,CUS-0055,2026-08-21,Completed,150000.0,0.0,27000.0,177000.0,NONE,Website,West
ORD-00082,CUS-0048,2026-08-09,Completed,459000.0,45900.0,74358.0,487458.0,PROMO10,Mobile,East
ORD-00083,CUS-0046,2026-08-07,Completed,51000.0,2550.0,8721.0,57171.0,PROMO10,Marketplace,West
ORD-00084,CUS-0074,2026-08-15,Completed,22500.0,0.0,4050.0,26550.0,NONE,Website,North
ORD-00085,CUS-0044,2026-08-23,Completed,14500.0,1450.0,2349.0,15399.0,PROMO10,Marketplace,South
ORD-00086,CUS-0082,2026-08-02,Completed,250000.0,12500.0,42750.0,280250.0,PROMO10,Mobile,South
ORD-00087,CUS-0040,2026-08-21,Completed,107000.0,10700.0,17334.0,113634.0,PROMO10,Website,North
ORD-00088,CUS-0063,2026-08-29,Completed,25500.0,1275.0,4360.5,28585.5,PROMO10,Mobile,East
ORD-00089,CUS-0076,2026-09-01,Completed,604500.0,0.0,108810.0,713310.0,NONE,Website,South
ORD-00090,CUS-0098,2026-08-17,Completed,188000.0,18800.0,30456.0,199656.0,PROMO10,Mobile,West
ORD-00091,CUS-0091,2026-08-15,Completed,435000.0,21750.0,74385.0,487635.0,PROMO10,Website,North
ORD-00092,CUS-0055,2026-08-26,Completed,537500.0,26875.0,91912.5,602537.5,PROMO10,Website,West
ORD-00093,CUS-0012,2026-08-28,Completed,29000.0,2900.0,4698.0,30798.0,PROMO10,Mobile,West
ORD-00094,CUS-0044,2026-08-15,Completed,22000.0,2200.0,3564.0,23364.0,PROMO10,Marketplace,South
ORD-00095,CUS-0094,2026-08-10,Completed,85000.0,4250.0,14535.0,95285.0,PROMO10,Website,East
ORD-00096,CUS-0010,2026-08-12,Completed,554000.0,55400.0,89748.0,588348.0,PROMO10,Mobile,North
ORD-00097,CUS-0057,2026-08-20,Completed,25500.0,1275.0,4360.5,28585.5,PROMO10,Mobile,South
ORD-00098,CUS-0037,2026-08-05,Completed,209000.0,10450.0,35739.0,234289.0,PROMO10,Marketplace,North
ORD-00099,CUS-0058,2026-08-07,Completed,257500.0,0.0,46350.0,303850.0,NONE,Website,East
ORD-00100,CUS-0079,2026-08-11,Completed,75000.0,3750.0,12825.0,84075.0,PROMO10,Marketplace,North
ORD-00101,CUS-0043,2026-08-05,Completed,206000.0,20600.0,33372.0,218772.0,PROMO10,Marketplace,North
ORD-00102,CUS-0085,2026-08-10,Completed,50500.0,2525.0,8635.5,56610.5,PROMO10,Marketplace,North
ORD-00103,CUS-0017,2026-09-03,Completed,500000.0,50000.0,81000.0,531000.0,PROMO10,Mobile,West
ORD-00104,CUS-0028,2026-08-22,Completed,29000.0,0.0,5220.0,34220.0,NONE,Mobile,East
ORD-00105,CUS-0095,2026-09-03,Completed,500000.0,50000.0,81000.0,531000.0,PROMO10,Website,North
ORD-00106,CUS-0089,2026-08-11,Completed,308500.0,15425.0,52753.5,345828.5,PROMO10,Marketplace,North
ORD-00107,CUS-0030,2026-09-04,Completed,36000.0,0.0,6480.0,42480.0,NONE,Mobile,West
ORD-00108,CUS-0100,2026-08-25,Completed,37000.0,1850.0,6327.0,41477.0,PROMO10,Website,North
ORD-00109,CUS-0014,2026-09-03,Completed,18000.0,0.0,3240.0,21240.0,NONE,Mobile,East
ORD-00110,CUS-0012,2026-08-15,Completed,37500.0,1875.0,6412.5,42037.5,PROMO10,Marketplace,West
ORD-00111,CUS-0048,2026-08-15,Completed,18000.0,1800.0,2916.0,19116.0,PROMO10,Marketplace,East
ORD-00112,CUS-0005,2026-08-19,Completed,750000.0,37500.0,128250.0,840750.0,PROMO10,Marketplace,North
ORD-00113,CUS-0028,2026-08-10,Completed,699000.0,0.0,125820.0,824820.0,NONE,Website,East
ORD-00114,CUS-0059,2026-08-05,Completed,19500.0,1950.0,3159.0,20709.0,PROMO10,Marketplace,North
ORD-00115,CUS-0055,2026-08-01,Completed,47500.0,4750.0,7695.0,50445.0,PROMO10,Mobile,West
ORD-00116,CUS-ENT-001,2026-09-02,Completed,689500.0,34475.0,117904.5,772929.5,PROMO10,Mobile,West
ORD-00117,CUS-0045,2026-08-16,Completed,279500.0,13975.0,47794.5,313319.5,PROMO10,Marketplace,South
ORD-00118,CUS-0100,2026-08-30,Completed,534000.0,0.0,96120.0,630120.0,NONE,Mobile,North
ORD-00119,CUS-0006,2026-08-21,Completed,30000.0,1500.0,5130.0,33630.0,PROMO10,Website,West
ORD-00120,CUS-0084,2026-08-22,Completed,209000.0,20900.0,33858.0,221958.0,PROMO10,Mobile,West
ORD-00121,CUS-0089,2026-09-01,Completed,185000.0,0.0,33300.0,218300.0,NONE,Mobile,North
ORD-00122,CUS-0014,2026-08-06,Completed,536000.0,53600.0,86832.0,569232.0,PROMO10,Marketplace,East
ORD-00123,CUS-0045,2026-08-29,Completed,500000.0,50000.0,81000.0,531000.0,PROMO10,Mobile,South
ORD-00124,CUS-0010,2026-08-26,Completed,92500.0,9250.0,14985.0,98235.0,PROMO10,Marketplace,North
ORD-00125,CUS-0031,2026-08-24,Completed,27000.0,2700.0,4374.0,28674.0,PROMO10,Mobile,South
ORD-00126,CUS-0074,2026-08-09,Completed,86500.0,0.0,15570.0,102070.0,NONE,Marketplace,North
ORD-00127,CUS-0072,2026-08-08,Completed,65000.0,6500.0,10530.0,69030.0,PROMO10,Mobile,South
ORD-00128,CUS-0058,2026-08-12,Completed,1019500.0,101950.0,165159.0,1082709.0,PROMO10,Website,East
ORD-00129,CUS-0092,2026-08-12,Completed,92500.0,0.0,16650.0,109150.0,NONE,Website,South
ORD-00130,CUS-0074,2026-08-24,Completed,15000.0,0.0,2700.0,17700.0,NONE,Mobile,North
ORD-00131,CUS-0068,2026-08-27,Completed,36500.0,3650.0,5913.0,38763.0,PROMO10,Website,West
ORD-00132,CUS-0045,2026-08-09,Completed,286500.0,0.0,51570.0,338070.0,NONE,Marketplace,South
ORD-00133,CUS-0042,2026-08-15,Completed,185000.0,0.0,33300.0,218300.0,NONE,Marketplace,South
ORD-00134,CUS-0079,2026-09-04,Completed,7500.0,750.0,1215.0,7965.0,PROMO10,Marketplace,North
ORD-00135,CUS-0093,2026-08-22,Completed,670000.0,67000.0,108540.0,711540.0,PROMO10,Website,South
ORD-00136,CUS-0064,2026-09-04,Completed,519500.0,51950.0,84159.0,551709.0,PROMO10,Mobile,West
ORD-00137,CUS-0008,2026-08-11,Completed,58500.0,2925.0,10003.5,65578.5,PROMO10,Marketplace,West
ORD-00138,CUS-0094,2026-08-23,Completed,36500.0,1825.0,6241.5,40916.5,PROMO10,Website,East
ORD-00139,CUS-0032,2026-08-10,Completed,170000.0,8500.0,29070.0,190570.0,PROMO10,Marketplace,North
ORD-00140,CUS-0074,2026-08-21,Completed,29000.0,2900.0,4698.0,30798.0,PROMO10,Mobile,North
ORD-00141,CUS-0012,2026-08-26,Completed,133500.0,6675.0,22828.5,149653.5,PROMO10,Mobile,West
ORD-00142,CUS-0014,2026-08-28,Completed,36000.0,1800.0,6156.0,40356.0,PROMO10,Mobile,East
ORD-00143,CUS-0072,2026-08-13,Completed,185000.0,18500.0,29970.0,196470.0,PROMO10,Mobile,South
ORD-00144,CUS-0079,2026-08-08,Completed,170000.0,8500.0,29070.0,190570.0,PROMO10,Mobile,North
ORD-00145,CUS-0078,2026-09-02,Completed,92500.0,0.0,16650.0,109150.0,NONE,Marketplace,South
ORD-00146,CUS-0059,2026-08-10,Completed,72500.0,7250.0,11745.0,76995.0,PROMO10,Marketplace,North
ORD-00147,CUS-0066,2026-09-04,Completed,519500.0,25975.0,88834.5,582359.5,PROMO10,Mobile,North
ORD-00148,CUS-0093,2026-08-02,Completed,539000.0,53900.0,87318.0,572418.0,PROMO10,Mobile,South
ORD-00149,CUS-0080,2026-08-25,Completed,250000.0,0.0,45000.0,295000.0,NONE,Marketplace,East
ORD-00150,CUS-0041,2026-08-27,Completed,19500.0,975.0,3334.5,21859.5,PROMO10,Marketplace,North
ORD-00151,CUS-0094,2026-08-04,Completed,529500.0,52950.0,85779.0,562329.0,PROMO10,Mobile,East
ORD-00152,CUS-0044,2026-09-04,Completed,515000.0,0.0,92700.0,607700.0,NONE,Website,South
ORD-00153,CUS-0039,2026-08-19,Completed,101000.0,5050.0,17271.0,113221.0,PROMO10,Website,South
ORD-00154,CUS-0099,2026-08-10,Completed,420000.0,21000.0,71820.0,470820.0,PROMO10,Mobile,North
ORD-00155,CUS-0026,2026-09-04,Completed,29500.0,2950.0,4779.0,31329.0,PROMO10,Marketplace,West
ORD-00156,CUS-0068,2026-08-15,Completed,220500.0,0.0,39690.0,260190.0,NONE,Marketplace,West
ORD-00157,CUS-0053,2026-08-31,Completed,286000.0,14300.0,48906.0,320606.0,PROMO10,Marketplace,North
ORD-00158,CUS-0074,2026-08-15,Completed,293500.0,14675.0,50188.5,329013.5,PROMO10,Mobile,North
ORD-00159,CUS-0002,2026-08-20,Completed,82500.0,0.0,14850.0,97350.0,NONE,Marketplace,South
ORD-00160,CUS-0043,2026-08-11,Completed,459000.0,22950.0,78489.0,514539.0,PROMO10,Marketplace,North
ORD-00161,CUS-0052,2026-08-28,Completed,52000.0,2600.0,8892.0,58292.0,PROMO10,Mobile,North
ORD-00162,CUS-0031,2026-08-29,Completed,43500.0,2175.0,7438.5,48763.5,PROMO10,Marketplace,South
ORD-00163,CUS-0086,2026-08-08,Completed,57000.0,5700.0,9234.0,60534.0,PROMO10,Website,East
ORD-00164,CUS-0029,2026-08-09,Completed,529000.0,26450.0,90459.0,593009.0,PROMO10,Marketplace,West
ORD-00165,CUS-0028,2026-08-16,Completed,37500.0,0.0,6750.0,44250.0,NONE,Marketplace,East
ORD-00166,CUS-0065,2026-08-13,Completed,51500.0,0.0,9270.0,60770.0,NONE,Marketplace,North
ORD-00167,CUS-0012,2026-09-02,Completed,199000.0,9950.0,34029.0,223079.0,PROMO10,Marketplace,West
ORD-00168,CUS-0040,2026-08-02,Completed,268000.0,26800.0,43416.0,284616.0,PROMO10,Website,North
ORD-00169,CUS-0009,2026-09-04,Completed,170000.0,0.0,30600.0,200600.0,NONE,Mobile,South
ORD-00170,CUS-0099,2026-08-27,Completed,78000.0,0.0,14040.0,92040.0,NONE,Marketplace,North
ORD-00171,CUS-0023,2026-09-04,Completed,257500.0,0.0,46350.0,303850.0,NONE,Website,South
ORD-00172,CUS-0070,2026-08-28,Completed,66500.0,3325.0,11371.5,74546.5,PROMO10,Website,West
ORD-00173,CUS-0054,2026-08-02,Completed,14500.0,0.0,2610.0,17110.0,NONE,Marketplace,North
ORD-00174,CUS-0091,2026-08-04,Completed,250000.0,12500.0,42750.0,280250.0,PROMO10,Mobile,North
ORD-00175,CUS-0018,2026-09-02,Completed,44000.0,0.0,7920.0,51920.0,NONE,Mobile,South
ORD-00176,CUS-0053,2026-08-20,Completed,585000.0,58500.0,94770.0,621270.0,PROMO10,Mobile,North
ORD-00177,CUS-0049,2026-09-03,Completed,519500.0,25975.0,88834.5,582359.5,PROMO10,Mobile,North
ORD-00178,CUS-0031,2026-08-15,Completed,269500.0,26950.0,43659.0,286209.0,PROMO10,Mobile,South
ORD-00179,CUS-0050,2026-08-16,Completed,279000.0,13950.0,47709.0,312759.0,PROMO10,Mobile,East
ORD-00180,CUS-0007,2026-08-18,Completed,335000.0,33500.0,54270.0,355770.0,PROMO10,Marketplace,East
ORD-00181,CUS-0039,2026-08-01,Completed,14500.0,1450.0,2349.0,15399.0,PROMO10,Mobile,South
ORD-00182,CUS-0027,2026-08-26,Completed,15000.0,750.0,2565.0,16815.0,PROMO10,Mobile,South
ORD-00183,CUS-0040,2026-08-17,Completed,34500.0,3450.0,5589.0,36639.0,PROMO10,Mobile,North
ORD-00184,CUS-0053,2026-08-03,Completed,199500.0,9975.0,34114.5,223639.5,PROMO10,Website,North
ORD-00185,CUS-0073,2026-08-16,Completed,51000.0,5100.0,8262.0,54162.0,PROMO10,Marketplace,North
ORD-00186,CUS-0046,2026-08-11,Completed,500000.0,0.0,90000.0,590000.0,NONE,Marketplace,West
ORD-00187,CUS-0086,2026-08-04,Completed,19500.0,1950.0,3159.0,20709.0,PROMO10,Website,East
ORD-00188,CUS-0028,2026-09-02,Completed,33000.0,3300.0,5346.0,35046.0,PROMO10,Mobile,East
ORD-00189,CUS-0053,2026-08-01,Completed,15000.0,1500.0,2430.0,15930.0,PROMO10,Mobile,North
ORD-00190,CUS-0087,2026-08-28,Completed,85000.0,8500.0,13770.0,90270.0,PROMO10,Website,South
ORD-00191,CUS-0033,2026-08-23,Completed,55500.0,2775.0,9490.5,62215.5,PROMO10,Marketplace,West
ORD-00192,CUS-0088,2026-08-06,Completed,459000.0,45900.0,74358.0,487458.0,PROMO10,Mobile,West
ORD-00193,CUS-0022,2026-08-06,Completed,46500.0,4650.0,7533.0,49383.0,PROMO10,Website,South
ORD-00194,CUS-0061,2026-08-18,Completed,170000.0,17000.0,27540.0,180540.0,PROMO10,Marketplace,South
ORD-00195,CUS-0003,2026-08-14,Completed,213500.0,21350.0,34587.0,226737.0,PROMO10,Mobile,North
ORD-00196,CUS-0018,2026-08-06,Completed,604500.0,0.0,108810.0,713310.0,NONE,Mobile,South
ORD-00197,CUS-0082,2026-08-18,Completed,55500.0,2775.0,9490.5,62215.5,PROMO10,Website,South
ORD-00198,CUS-0038,2026-08-16,Completed,122500.0,12250.0,19845.0,130095.0,PROMO10,Mobile,South
ORD-00199,CUS-0001,2026-08-20,Completed,121000.0,0.0,21780.0,142780.0,NONE,Website,North
ORD-00200,CUS-0066,2026-08-27,Completed,85000.0,4250.0,14535.0,95285.0,PROMO10,Marketplace,North
ORD-00201,CUS-0050,2026-08-01,Completed,124000.0,12400.0,20088.0,131688.0,PROMO10,Marketplace,East
ORD-00202,CUS-0018,2026-08-18,Completed,50500.0,0.0,9090.0,59590.0,NONE,Mobile,South
ORD-00203,CUS-ENT-001,2026-08-05,Completed,518000.0,51800.0,83916.0,550116.0,PROMO10,Marketplace,West
ORD-00204,CUS-0039,2026-08-01,Completed,72000.0,3600.0,12312.0,80712.0,PROMO10,Mobile,South
ORD-00205,CUS-0089,2026-08-13,Completed,57000.0,2850.0,9747.0,63897.0,PROMO10,Marketplace,North
ORD-00206,CUS-0042,2026-08-25,Completed,124000.0,12400.0,20088.0,131688.0,PROMO10,Marketplace,South
ORD-00207,CUS-0004,2026-08-30,Completed,86000.0,0.0,15480.0,101480.0,NONE,Marketplace,North
ORD-00208,CUS-0020,2026-08-28,Completed,185000.0,18500.0,29970.0,196470.0,PROMO10,Mobile,South
ORD-00209,CUS-0090,2026-09-04,Completed,835000.0,0.0,150300.0,985300.0,NONE,Marketplace,North
ORD-00210,CUS-0083,2026-08-26,Completed,104500.0,5225.0,17869.5,117144.5,PROMO10,Website,East
ORD-00211,CUS-0060,2026-09-02,Completed,18000.0,900.0,3078.0,20178.0,PROMO10,Website,West
ORD-00212,CUS-0094,2026-08-10,Completed,55500.0,5550.0,8991.0,58941.0,PROMO10,Mobile,East
ORD-00213,CUS-0093,2026-08-29,Completed,255000.0,0.0,45900.0,300900.0,NONE,Mobile,South
ORD-00214,CUS-0095,2026-08-16,Completed,70000.0,3500.0,11970.0,78470.0,PROMO10,Marketplace,North
ORD-00215,CUS-0056,2026-08-26,Completed,250000.0,12500.0,42750.0,280250.0,PROMO10,Marketplace,West
ORD-00216,CUS-0028,2026-08-14,Completed,257500.0,25750.0,41715.0,273465.0,PROMO10,Website,East
ORD-00217,CUS-0015,2026-08-17,Completed,69000.0,6900.0,11178.0,73278.0,PROMO10,Website,North
ORD-00218,CUS-0080,2026-08-12,Completed,757500.0,37875.0,129532.5,849157.5,PROMO10,Website,East
ORD-00219,CUS-0048,2026-08-10,Completed,61500.0,3075.0,10516.5,68941.5,PROMO10,Website,East
ORD-00220,CUS-0083,2026-08-12,Completed,76000.0,3800.0,12996.0,85196.0,PROMO10,Marketplace,East
ORD-00221,CUS-0063,2026-08-09,Completed,39000.0,1950.0,6669.0,43719.0,PROMO10,Marketplace,East
ORD-00222,CUS-0063,2026-08-11,Completed,7500.0,0.0,1350.0,8850.0,NONE,Mobile,East
ORD-00223,CUS-0037,2026-08-11,Completed,22500.0,2250.0,3645.0,23895.0,PROMO10,Website,North
ORD-00224,CUS-0070,2026-08-03,Completed,289000.0,14450.0,49419.0,323969.0,PROMO10,Website,West
ORD-00225,CUS-0057,2026-08-08,Completed,29000.0,2900.0,4698.0,30798.0,PROMO10,Marketplace,South
ORD-00226,CUS-ENT-001,2026-08-14,Completed,170000.0,17000.0,27540.0,180540.0,PROMO10,Mobile,West
ORD-00227,CUS-0038,2026-08-18,Completed,449000.0,44900.0,72738.0,476838.0,PROMO10,Website,South
ORD-00228,CUS-0042,2026-08-16,Completed,568000.0,28400.0,97128.0,636728.0,PROMO10,Mobile,South
ORD-00229,CUS-0052,2026-09-02,Completed,93000.0,9300.0,15066.0,98766.0,PROMO10,Website,North
ORD-00230,CUS-0046,2026-08-05,Completed,78000.0,3900.0,13338.0,87438.0,PROMO10,Mobile,West
ORD-00231,CUS-0073,2026-09-01,Completed,335000.0,33500.0,54270.0,355770.0,PROMO10,Mobile,North
ORD-00232,CUS-0057,2026-08-30,Completed,19500.0,1950.0,3159.0,20709.0,PROMO10,Website,South
ORD-00233,CUS-0084,2026-08-24,Completed,420000.0,0.0,75600.0,495600.0,NONE,Mobile,West
ORD-00234,CUS-0055,2026-08-06,Completed,199000.0,19900.0,32238.0,211338.0,PROMO10,Website,West
ORD-00235,CUS-0044,2026-08-08,Completed,269500.0,0.0,48510.0,318010.0,NONE,Mobile,South
ORD-00236,CUS-0014,2026-08-21,Completed,37500.0,3750.0,6075.0,39825.0,PROMO10,Marketplace,East
ORD-00237,CUS-0002,2026-08-11,Completed,268000.0,13400.0,45828.0,300428.0,PROMO10,Marketplace,South
ORD-00238,CUS-0013,2026-08-09,Completed,15000.0,750.0,2565.0,16815.0,PROMO10,Mobile,North
ORD-00239,CUS-0036,2026-08-06,Completed,15000.0,1500.0,2430.0,15930.0,PROMO10,Website,East
ORD-00240,CUS-0066,2026-08-13,Completed,318000.0,15900.0,54378.0,356478.0,PROMO10,Website,North
ORD-00241,CUS-0010,2026-09-03,Completed,36000.0,0.0,6480.0,42480.0,NONE,Mobile,North
ORD-00242,CUS-0023,2026-08-31,Completed,85000.0,0.0,15300.0,100300.0,NONE,Mobile,South
ORD-00243,CUS-0065,2026-08-19,Completed,624000.0,31200.0,106704.0,699504.0,PROMO10,Website,North
ORD-00244,CUS-0020,2026-09-04,Completed,55500.0,5550.0,8991.0,58941.0,PROMO10,Website,South
ORD-00245,CUS-0015,2026-08-30,Completed,110500.0,11050.0,17901.0,117351.0,PROMO10,Website,North
ORD-00246,CUS-0067,2026-09-03,Completed,536000.0,53600.0,86832.0,569232.0,PROMO10,Website,West
ORD-00247,CUS-0035,2026-09-03,Completed,18000.0,900.0,3078.0,20178.0,PROMO10,Mobile,East
ORD-00248,CUS-0022,2026-08-24,Completed,18000.0,1800.0,2916.0,19116.0,PROMO10,Marketplace,South
ORD-00249,CUS-0001,2026-08-03,Completed,14500.0,725.0,2479.5,16254.5,PROMO10,Mobile,North
ORD-00250,CUS-0071,2026-08-27,Completed,18000.0,900.0,3078.0,20178.0,PROMO10,Marketplace,West
ORD-00251,CUS-0074,2026-08-24,Completed,7500.0,0.0,1350.0,8850.0,NONE,Website,North
ORD-00252,CUS-0037,2026-08-20,Completed,340000.0,0.0,61200.0,401200.0,NONE,Mobile,North
ORD-00253,CUS-0060,2026-08-24,Completed,284000.0,14200.0,48564.0,318364.0,PROMO10,Website,West
ORD-00254,CUS-0089,2026-08-01,Completed,670000.0,0.0,120600.0,790600.0,NONE,Website,North
ORD-00255,CUS-0019,2026-08-18,Completed,85000.0,8500.0,13770.0,90270.0,PROMO10,Mobile,East
ORD-00256,CUS-0075,2026-08-07,Completed,133500.0,0.0,24030.0,157530.0,NONE,Mobile,South
ORD-00257,CUS-0090,2026-08-21,Completed,53500.0,0.0,9630.0,63130.0,NONE,Website,North
ORD-00258,CUS-0058,2026-08-30,Completed,34500.0,0.0,6210.0,40710.0,NONE,Mobile,East
ORD-00259,CUS-0012,2026-08-11,Completed,61500.0,6150.0,9963.0,65313.0,PROMO10,Website,West
ORD-00260,CUS-0087,2026-08-20,Completed,53500.0,5350.0,8667.0,56817.0,PROMO10,Marketplace,South
ORD-00261,CUS-0018,2026-08-08,Completed,85000.0,0.0,15300.0,100300.0,NONE,Website,South
ORD-00262,CUS-0083,2026-08-06,Completed,185000.0,18500.0,29970.0,196470.0,PROMO10,Mobile,East
ORD-00263,CUS-0016,2026-08-03,Completed,100000.0,10000.0,16200.0,106200.0,PROMO10,Mobile,North
ORD-00264,CUS-0055,2026-08-12,Completed,50500.0,2525.0,8635.5,56610.5,PROMO10,Website,West
ORD-00265,CUS-0032,2026-08-19,Completed,124000.0,6200.0,21204.0,139004.0,PROMO10,Mobile,North
ORD-00266,CUS-0068,2026-08-16,Completed,85500.0,4275.0,14620.5,95845.5,PROMO10,Marketplace,West
ORD-00267,CUS-0004,2026-08-21,Completed,71500.0,7150.0,11583.0,75933.0,PROMO10,Website,North
ORD-00268,CUS-0031,2026-08-18,Completed,297000.0,0.0,53460.0,350460.0,NONE,Website,South
ORD-00269,CUS-0046,2026-08-02,Completed,515000.0,25750.0,88065.0,577315.0,PROMO10,Marketplace,West
ORD-00270,CUS-0012,2026-08-04,Completed,7500.0,0.0,1350.0,8850.0,NONE,Marketplace,West
ORD-00271,CUS-0026,2026-08-09,Completed,268000.0,0.0,48240.0,316240.0,NONE,Website,West
ORD-00272,CUS-0047,2026-08-05,Completed,507500.0,25375.0,86782.5,568907.5,PROMO10,Mobile,South
ORD-00273,CUS-0056,2026-09-01,Completed,532500.0,26625.0,91057.5,596932.5,PROMO10,Mobile,West
ORD-00274,CUS-0001,2026-08-26,Completed,107500.0,10750.0,17415.0,114165.0,PROMO10,Marketplace,North
ORD-00275,CUS-0096,2026-08-05,Completed,36000.0,0.0,6480.0,42480.0,NONE,Marketplace,North
ORD-00276,CUS-0082,2026-08-22,Completed,184500.0,18450.0,29889.0,195939.0,PROMO10,Website,South
ORD-00277,CUS-0093,2026-08-01,Completed,39000.0,3900.0,6318.0,41418.0,PROMO10,Mobile,South
ORD-00278,CUS-0045,2026-09-04,Completed,177500.0,0.0,31950.0,209450.0,NONE,Mobile,South
ORD-00279,CUS-0038,2026-08-02,Completed,188000.0,0.0,33840.0,221840.0,NONE,Mobile,South
ORD-00280,CUS-0012,2026-08-22,Completed,284500.0,28450.0,46089.0,302139.0,PROMO10,Mobile,West
ORD-00281,CUS-0027,2026-08-13,Completed,1000000.0,50000.0,171000.0,1121000.0,PROMO10,Website,South
ORD-00282,CUS-0071,2026-09-01,Completed,170000.0,0.0,30600.0,200600.0,NONE,Mobile,West
ORD-00283,CUS-0081,2026-08-31,Completed,85000.0,0.0,15300.0,100300.0,NONE,Website,East
ORD-00284,CUS-0040,2026-08-26,Completed,209000.0,0.0,37620.0,246620.0,NONE,Mobile,North
ORD-00285,CUS-0006,2026-08-17,Completed,68000.0,6800.0,11016.0,72216.0,PROMO10,Website,West
ORD-00286,CUS-0013,2026-08-06,Completed,51000.0,2550.0,8721.0,57171.0,PROMO10,Marketplace,North
ORD-00287,CUS-0074,2026-08-16,Completed,37500.0,3750.0,6075.0,39825.0,PROMO10,Marketplace,North
ORD-00288,CUS-0023,2026-08-11,Completed,14500.0,0.0,2610.0,17110.0,NONE,Mobile,South
ORD-00289,CUS-0081,2026-08-10,Completed,456000.0,45600.0,73872.0,484272.0,PROMO10,Mobile,East
ORD-00290,CUS-0059,2026-08-01,Completed,199500.0,19950.0,32319.0,211869.0,PROMO10,Marketplace,North
ORD-00291,CUS-ENT-001,2026-08-19,Completed,572000.0,57200.0,92664.0,607464.0,PROMO10,Marketplace,West
ORD-00292,CUS-0052,2026-08-10,Completed,203000.0,0.0,36540.0,239540.0,NONE,Marketplace,North
ORD-00293,CUS-0044,2026-08-20,Completed,286000.0,0.0,51480.0,337480.0,NONE,Website,South
ORD-00294,CUS-0035,2026-08-27,Completed,308000.0,30800.0,49896.0,327096.0,PROMO10,Mobile,East
ORD-00295,CUS-0021,2026-08-05,Completed,514500.0,0.0,92610.0,607110.0,NONE,Website,West
ORD-00296,CUS-0005,2026-08-30,Completed,18000.0,900.0,3078.0,20178.0,PROMO10,Mobile,North
ORD-00297,CUS-0016,2026-08-02,Completed,36000.0,3600.0,5832.0,38232.0,PROMO10,Mobile,North
ORD-00298,CUS-0071,2026-08-23,Completed,279000.0,13950.0,47709.0,312759.0,PROMO10,Website,West
ORD-00299,CUS-0100,2026-08-14,Completed,250000.0,25000.0,40500.0,265500.0,PROMO10,Website,North
ORD-00300,CUS-0003,2026-08-01,Completed,22000.0,0.0,3960.0,25960.0,NONE,Mobile,North
ORD-TEST-001,CUS-0010,2026-08-10,Returned,5000.0,0.0,900.0,5900.0,NONE,Website,North
ORD-TEST-002,CUS-0015,2026-08-15,Returned,10000.0,0.0,1800.0,11800.0,NONE,Website,South
ORD-TEST-003,CUS-0022,2026-08-18,Completed,50000.0,30000.0,3600.0,23600.0,UNAUTH_MEGA60,Marketplace,West
ORD-TEST-004,CUS-ENT-001,2026-08-20,Completed,250000.0,0.0,45000.0,295000.0,NONE,Website,West
ORD-TEST-005,CUS-0045,2026-08-22,Completed,85000.0,0.0,15300.0,100300.0,NONE,Website,South
ORD-TEST-006,CUS-0060,2026-08-25,Completed,110000.0,0.0,19800.0,129800.0,NONE,Website,North
ORD-TEST-007,CUS-0070,2026-08-26,Completed,50000.0,0.0,9000.0,59000.0,NONE,Website,East
ORD-TEST-008,CUS-0080,2026-08-27,Returned,18000.0,0.0,3240.0,21240.0,NONE,Website,West
ORD-TEST-009,CUS-ENT-001,2026-08-28,Completed,40000.0,20000.0,3600.0,23600.0,VIP_PARTNER_50,Website,West
ORD-INVALID-999,CUS-NONEXISTENT,2026-08-29,Completed,-1000.0,0.0,0.0,-1000.0,ERR,Website,North
