payment_id,order_id,payment_date,payment_status,payment_amount,payment_method,gateway_fee,transaction_reference
PAY-000290,ORD-00290,2026-08-01 00:11:00,Successful,211869.0,Card,3813.64,TXN-690016
PAY-000204,ORD-00204,2026-08-01 00:24:00,Successful,80712.0,UPI,0.0,TXN-436241
PAY-000254,ORD-00254,2026-08-01 00:31:00,Successful,790600.0,UPI,0.0,TXN-615929
PAY-000277,ORD-00277,2026-08-01 00:31:00,Successful,41418.0,UPI,0.0,TXN-617033
PAY-000189,ORD-00189,2026-08-01 00:37:00,Successful,15930.0,Card,286.74,TXN-952657
PAY-000115,ORD-00115,2026-08-01 00:38:00,Successful,50445.0,Card,908.01,TXN-670511
PAY-000201,ORD-00201,2026-08-01 00:48:00,Successful,131688.0,UPI,0.0,TXN-499226
PAY-000181,ORD-00181,2026-08-01 00:49:00,Successful,15399.0,UPI,0.0,TXN-733760
PAY-000300,ORD-00300,2026-08-01 00:50:00,Successful,25960.0,Wallet,389.4,TXN-843826
PAY-000007,ORD-00007,2026-08-01 00:51:00,Successful,226737.0,Card,4081.27,TXN-414910
PAY-000073,ORD-00073,2026-08-02 00:09:00,Successful,21240.0,UPI,0.0,TXN-970127
PAY-000269,ORD-00269,2026-08-02 00:16:00,Successful,577315.0,Wallet,8659.73,TXN-614259
PAY-000086,ORD-00086,2026-08-02 00:26:00,Successful,280250.0,NetBanking,3363.0,TXN-265055
PAY-000011,ORD-00011,2026-08-02 00:31:00,Successful,30798.0,NetBanking,369.58,TXN-760356
PAY-FAIL-0001,ORD-00148,2026-08-02 00:31:00,Failed,0.0,UPI,0.0,TXN-DECLINED-0001
PAY-000168,ORD-00168,2026-08-02 00:32:00,Successful,284616.0,Card,5123.09,TXN-461264
PAY-000173,ORD-00173,2026-08-02 00:33:00,Successful,17110.0,Card,307.98,TXN-726822
PAY-000148,ORD-00148,2026-08-02 00:38:00,Successful,572418.0,UPI,0.0,TXN-759580
PAY-000044,ORD-00044,2026-08-02 00:45:00,Successful,69502.0,NetBanking,834.02,TXN-953797
PAY-000023,ORD-00023,2026-08-02 00:49:00,Successful,311697.0,NetBanking,3740.36,TXN-368690
PAY-000279,ORD-00279,2026-08-02 00:51:00,Successful,221840.0,UPI,0.0,TXN-178645
PAY-000297,ORD-00297,2026-08-02 01:00:00,Successful,38232.0,UPI,0.0,TXN-597635
PAY-000026,ORD-00026,2026-08-03 00:05:00,Successful,607700.0,Wallet,9115.5,TXN-990844
PAY-000263,ORD-00263,2026-08-03 00:06:00,Successful,106200.0,NetBanking,1274.4,TXN-501320
PAY-000035,ORD-00035,2026-08-03 00:11:00,Successful,15930.0,NetBanking,191.16,TXN-112861
PAY-000249,ORD-00249,2026-08-03 00:14:00,Successful,16254.5,NetBanking,195.05,TXN-287654
PAY-000224,ORD-00224,2026-08-03 00:21:00,Successful,323969.0,NetBanking,3887.63,TXN-465509
PAY-000064,ORD-00064,2026-08-03 00:23:00,Successful,36639.0,Card,659.5,TXN-442589
PAY-000184,ORD-00184,2026-08-03 00:26:00,Successful,223639.5,UPI,0.0,TXN-341192
PAY-000270,ORD-00270,2026-08-04 00:05:00,Successful,8850.0,NetBanking,106.2,TXN-447848
PAY-000151,ORD-00151,2026-08-04 00:16:00,Successful,562329.0,Wallet,8434.93,TXN-581992
PAY-FAIL-0002,ORD-00174,2026-08-04 00:32:00,Failed,0.0,UPI,0.0,TXN-DECLINED-0002
PAY-000174,ORD-00174,2026-08-04 00:39:00,Successful,280250.0,UPI,0.0,TXN-327823
PAY-FAIL-0003,ORD-00187,2026-08-04 00:43:00,Failed,0.0,Card,0.0,TXN-DECLINED-0003
PAY-000187,ORD-00187,2026-08-04 00:50:00,Successful,20709.0,Card,372.76,TXN-258366
PAY-000047,ORD-00047,2026-08-04 00:53:00,Successful,15930.0,NetBanking,191.16,TXN-154118
PAY-FAIL-0004,ORD-00272,2026-08-05 00:06:00,Failed,0.0,Wallet,0.0,TXN-DECLINED-0004
PAY-000272,ORD-00272,2026-08-05 00:13:00,Successful,568907.5,Wallet,8533.61,TXN-265154
PAY-000101,ORD-00101,2026-08-05 00:26:00,Successful,218772.0,UPI,0.0,TXN-185461
PAY-FAIL-0005,ORD-00098,2026-08-05 00:30:00,Failed,0.0,NetBanking,0.0,TXN-DECLINED-0005
PAY-000203,ORD-00203,2026-08-05 00:34:00,Successful,550116.0,UPI,0.0,TXN-212168
PAY-000098,ORD-00098,2026-08-05 00:37:00,Successful,234289.0,NetBanking,2811.47,TXN-258189
PAY-000037,ORD-00037,2026-08-05 00:40:00,Successful,329810.0,Card,5936.58,TXN-901577
PAY-000230,ORD-00230,2026-08-05 00:40:00,Successful,87438.0,Wallet,1311.57,TXN-706007
PAY-000114,ORD-00114,2026-08-05 00:50:00,Successful,20709.0,UPI,0.0,TXN-250551
PAY-000275,ORD-00275,2026-08-05 00:57:00,Successful,42480.0,Card,764.64,TXN-843404
PAY-000295,ORD-00295,2026-08-05 00:58:00,Successful,607110.0,UPI,0.0,TXN-160426
PAY-000234,ORD-00234,2026-08-06 00:05:00,Successful,211338.0,NetBanking,2536.06,TXN-108454
PAY-000057,ORD-00057,2026-08-06 00:07:00,Successful,110979.0,Card,1997.62,TXN-440131
PAY-000262,ORD-00262,2026-08-06 00:10:00,Successful,196470.0,UPI,0.0,TXN-988432
PAY-000122,ORD-00122,2026-08-06 00:15:00,Successful,569232.0,NetBanking,6830.78,TXN-823270
PAY-000193,ORD-00193,2026-08-06 00:18:00,Successful,49383.0,UPI,0.0,TXN-825916
PAY-000239,ORD-00239,2026-08-06 00:18:00,Successful,15930.0,Wallet,238.95,TXN-642899
PAY-000286,ORD-00286,2026-08-06 00:39:00,Successful,57171.0,NetBanking,686.05,TXN-820442
PAY-000067,ORD-00067,2026-08-06 00:42:00,Successful,198977.5,Wallet,2984.66,TXN-499534
PAY-000192,ORD-00192,2026-08-06 00:45:00,Successful,487458.0,Card,8774.24,TXN-109909
PAY-000043,ORD-00043,2026-08-06 00:48:00,Successful,808300.0,UPI,0.0,TXN-976566
PAY-000022,ORD-00022,2026-08-06 00:53:00,Successful,109386.0,Card,1968.95,TXN-132537
PAY-000196,ORD-00196,2026-08-06 00:54:00,Successful,713310.0,NetBanking,8559.72,TXN-442230
PAY-000083,ORD-00083,2026-08-07 00:12:00,Successful,57171.0,Wallet,857.56,TXN-899649
PAY-000006,ORD-00006,2026-08-07 00:21:00,Successful,626078.5,UPI,0.0,TXN-146542
PAY-000099,ORD-00099,2026-08-07 00:33:00,Successful,303850.0,NetBanking,3646.2,TXN-649525
PAY-000027,ORD-00027,2026-08-07 00:44:00,Successful,320606.0,Wallet,4809.09,TXN-947458
PAY-000068,ORD-00068,2026-08-07 00:49:00,Successful,219303.0,NetBanking,2631.64,TXN-416869
PAY-000256,ORD-00256,2026-08-07 00:59:00,Successful,157530.0,Wallet,2362.95,TXN-430310
PAY-000069,ORD-00069,2026-08-08 00:11:00,Successful,95285.0,Card,1715.13,TXN-346205
PAY-000127,ORD-00127,2026-08-08 00:12:00,Successful,69030.0,UPI,0.0,TXN-242321
PAY-000225,ORD-00225,2026-08-08 00:15:00,Successful,30798.0,NetBanking,369.58,TXN-746081
PAY-000163,ORD-00163,2026-08-08 00:28:00,Successful,60534.0,Wallet,908.01,TXN-744481
PAY-000261,ORD-00261,2026-08-08 00:28:00,Successful,100300.0,NetBanking,1203.6,TXN-819622
PAY-000024,ORD-00024,2026-08-08 00:41:00,Successful,19116.0,Wallet,286.74,TXN-810250
PAY-000235,ORD-00235,2026-08-08 00:51:00,Successful,318010.0,Card,5724.18,TXN-945106
PAY-000144,ORD-00144,2026-08-08 00:53:00,Successful,190570.0,Wallet,2858.55,TXN-251275
PAY-000082,ORD-00082,2026-08-09 00:23:00,Successful,487458.0,Card,8774.24,TXN-729575
PAY-000132,ORD-00132,2026-08-09 00:24:00,Successful,338070.0,UPI,0.0,TXN-272655
PAY-000221,ORD-00221,2026-08-09 00:31:00,Successful,43719.0,NetBanking,524.63,TXN-844638
PAY-000126,ORD-00126,2026-08-09 00:36:00,Successful,102070.0,UPI,0.0,TXN-642895
PAY-000164,ORD-00164,2026-08-09 00:53:00,Successful,593009.0,NetBanking,7116.11,TXN-663628
PAY-000271,ORD-00271,2026-08-09 00:54:00,Successful,316240.0,UPI,0.0,TXN-216308
PAY-000238,ORD-00238,2026-08-09 00:55:00,Successful,16815.0,Wallet,252.22,TXN-246622
PAY-000051,ORD-00051,2026-08-09 00:57:00,Successful,40356.0,Wallet,605.34,TXN-102689
PAY-000139,ORD-00139,2026-08-10 00:20:00,Successful,190570.0,NetBanking,2286.84,TXN-267457
PAY-000292,ORD-00292,2026-08-10 00:22:00,Successful,239540.0,NetBanking,2874.48,TXN-490532
PAY-000016,ORD-00016,2026-08-10 00:31:00,Successful,20709.0,Card,372.76,TXN-527398
PAY-000113,ORD-00113,2026-08-10 00:31:00,Successful,824820.0,UPI,0.0,TXN-769989
PAY-000212,ORD-00212,2026-08-10 00:35:00,Successful,58941.0,Wallet,884.12,TXN-202365
PAY-FAIL-0006,ORD-00146,2026-08-10 00:35:00,Failed,0.0,Wallet,0.0,TXN-DECLINED-0006
PAY-FAIL-0007,ORD-00055,2026-08-10 00:39:00,Failed,0.0,NetBanking,0.0,TXN-DECLINED-0007
PAY-000146,ORD-00146,2026-08-10 00:42:00,Successful,76995.0,Wallet,1154.92,TXN-452713
PAY-000095,ORD-00095,2026-08-10 00:43:00,Successful,95285.0,UPI,0.0,TXN-260295
PAY-000219,ORD-00219,2026-08-10 00:45:00,Successful,68941.5,NetBanking,827.3,TXN-663483
PAY-000055,ORD-00055,2026-08-10 00:46:00,Successful,470820.0,NetBanking,5649.84,TXN-184216
PAY-000102,ORD-00102,2026-08-10 00:46:00,Successful,56610.5,NetBanking,679.33,TXN-930117
PAY-000154,ORD-00154,2026-08-10 00:52:00,Successful,470820.0,Wallet,7062.3,TXN-602351
PAY-000289,ORD-00289,2026-08-10 00:59:00,Successful,484272.0,Wallet,7264.08,TXN-389617
PAY-000301,ORD-TEST-001,2026-08-10 10:00:00,Successful,5900.0,Card,118.0,TXN-T1-01
PAY-000160,ORD-00160,2026-08-11 00:16:00,Successful,514539.0,UPI,0.0,TXN-740632
PAY-000222,ORD-00222,2026-08-11 00:22:00,Successful,8850.0,Card,159.3,TXN-335765
PAY-000137,ORD-00137,2026-08-11 00:25:00,Successful,65578.5,UPI,0.0,TXN-853258
PAY-FAIL-0008,ORD-00049,2026-08-11 00:27:00,Failed,0.0,Card,0.0,TXN-DECLINED-0008
PAY-000259,ORD-00259,2026-08-11 00:30:00,Successful,65313.0,Wallet,979.69,TXN-638401
PAY-000049,ORD-00049,2026-08-11 00:34:00,Successful,26550.0,Card,477.9,TXN-223172
PAY-000186,ORD-00186,2026-08-11 00:38:00,Successful,590000.0,Card,10620.0,TXN-135466
PAY-000288,ORD-00288,2026-08-11 00:48:00,Successful,17110.0,Card,307.98,TXN-556542
PAY-000106,ORD-00106,2026-08-11 00:53:00,Successful,345828.5,Wallet,5187.43,TXN-884897
PAY-000223,ORD-00223,2026-08-11 00:54:00,Successful,23895.0,Wallet,358.43,TXN-669488
PAY-000100,ORD-00100,2026-08-11 00:55:00,Successful,84075.0,Card,1513.35,TXN-761532
PAY-000237,ORD-00237,2026-08-11 01:00:00,Successful,300428.0,NetBanking,3605.14,TXN-327797
PAY-000129,ORD-00129,2026-08-12 00:06:00,Successful,109150.0,NetBanking,1309.8,TXN-478427
PAY-000128,ORD-00128,2026-08-12 00:24:00,Successful,1082709.0,Wallet,16240.64,TXN-992717
PAY-000218,ORD-00218,2026-08-12 00:24:00,Successful,849157.5,UPI,0.0,TXN-222629
PAY-000096,ORD-00096,2026-08-12 00:33:00,Successful,588348.0,UPI,0.0,TXN-171603
PAY-000264,ORD-00264,2026-08-12 00:44:00,Successful,56610.5,Card,1018.99,TXN-749253
PAY-000065,ORD-00065,2026-08-12 00:58:00,Successful,30798.0,Wallet,461.97,TXN-272537
PAY-000220,ORD-00220,2026-08-12 01:00:00,Successful,85196.0,Card,1533.53,TXN-476479
PAY-000041,ORD-00041,2026-08-13 00:08:00,Successful,375535.0,Card,6759.63,TXN-273982
PAY-000281,ORD-00281,2026-08-13 00:08:00,Successful,1121000.0,Card,20178.0,TXN-511987
PAY-FAIL-0009,ORD-00240,2026-08-13 00:29:00,Failed,0.0,UPI,0.0,TXN-DECLINED-0009
PAY-000004,ORD-00004,2026-08-13 00:30:00,Successful,59590.0,UPI,0.0,TXN-444207
PAY-000240,ORD-00240,2026-08-13 00:36:00,Successful,356478.0,UPI,0.0,TXN-769077
PAY-000205,ORD-00205,2026-08-13 00:41:00,Successful,63897.0,NetBanking,766.76,TXN-919959
PAY-000166,ORD-00166,2026-08-13 00:50:00,Successful,60770.0,UPI,0.0,TXN-711474
PAY-000143,ORD-00143,2026-08-13 00:57:00,Successful,196470.0,Wallet,2947.05,TXN-753516
PAY-000025,ORD-00025,2026-08-13 00:59:00,Successful,8850.0,Wallet,132.75,TXN-817497
PAY-000039,ORD-00039,2026-08-14 00:15:00,Successful,346330.0,Card,6233.94,TXN-102805
PAY-000010,ORD-00010,2026-08-14 00:19:00,Successful,360490.0,Wallet,5407.35,TXN-945742
PAY-000216,ORD-00216,2026-08-14 00:25:00,Successful,273465.0,Wallet,4101.97,TXN-306647
PAY-000226,ORD-00226,2026-08-14 00:25:00,Successful,180540.0,UPI,0.0,TXN-838253
PAY-000195,ORD-00195,2026-08-14 00:29:00,Successful,226737.0,Wallet,3401.05,TXN-892313
PAY-000299,ORD-00299,2026-08-14 00:46:00,Successful,265500.0,Wallet,3982.5,TXN-529399
PAY-000074,ORD-00074,2026-08-14 00:59:00,Successful,19116.0,Wallet,286.74,TXN-251716
PAY-000156,ORD-00156,2026-08-15 00:05:00,Successful,260190.0,UPI,0.0,TXN-677086
PAY-000091,ORD-00091,2026-08-15 00:09:00,Successful,487635.0,NetBanking,5851.62,TXN-428267
PAY-000133,ORD-00133,2026-08-15 00:13:00,Successful,218300.0,Wallet,3274.5,TXN-755383
PAY-000110,ORD-00110,2026-08-15 00:20:00,Successful,42037.5,Wallet,630.56,TXN-504924
PAY-000178,ORD-00178,2026-08-15 00:40:00,Successful,286209.0,NetBanking,3434.51,TXN-655736
PAY-FAIL-0010,ORD-00084,2026-08-15 00:42:00,Failed,0.0,Wallet,0.0,TXN-DECLINED-0010
PAY-000038,ORD-00038,2026-08-15 00:44:00,Successful,104253.0,Card,1876.55,TXN-876039
PAY-000084,ORD-00084,2026-08-15 00:49:00,Successful,26550.0,Wallet,398.25,TXN-899444
PAY-000158,ORD-00158,2026-08-15 00:52:00,Successful,329013.5,UPI,0.0,TXN-403528
PAY-000094,ORD-00094,2026-08-15 00:54:00,Successful,23364.0,UPI,0.0,TXN-466346
PAY-000111,ORD-00111,2026-08-15 00:55:00,Successful,19116.0,Wallet,286.74,TXN-253143
PAY-000302,ORD-TEST-002,2026-08-15 11:00:00,Successful,11800.0,UPI,0.0,TXN-T2-01
PAY-000165,ORD-00165,2026-08-16 00:08:00,Successful,44250.0,Card,796.5,TXN-969032
PAY-000287,ORD-00287,2026-08-16 00:12:00,Successful,39825.0,UPI,0.0,TXN-893969
PAY-000214,ORD-00214,2026-08-16 00:16:00,Successful,78470.0,UPI,0.0,TXN-771590
PAY-000198,ORD-00198,2026-08-16 00:28:00,Successful,130095.0,Wallet,1951.42,TXN-211726
PAY-000266,ORD-00266,2026-08-16 00:29:00,Successful,95845.5,Wallet,1437.68,TXN-383572
PAY-000002,ORD-00002,2026-08-16 00:31:00,Successful,227150.0,UPI,0.0,TXN-125990
PAY-000185,ORD-00185,2026-08-16 00:34:00,Successful,54162.0,NetBanking,649.94,TXN-276405
PAY-000179,ORD-00179,2026-08-16 00:39:00,Successful,312759.0,Card,5629.66,TXN-859782
PAY-000228,ORD-00228,2026-08-16 00:45:00,Successful,636728.0,Card,11461.1,TXN-933197
PAY-000053,ORD-00053,2026-08-16 00:47:00,Successful,79650.0,NetBanking,955.8,TXN-930884
PAY-000117,ORD-00117,2026-08-16 00:57:00,Successful,313319.5,Wallet,4699.79,TXN-774020
PAY-000090,ORD-00090,2026-08-17 00:13:00,Successful,199656.0,UPI,0.0,TXN-498676
PAY-000183,ORD-00183,2026-08-17 00:18:00,Successful,36639.0,Wallet,549.59,TXN-488712
PAY-000217,ORD-00217,2026-08-17 00:27:00,Successful,73278.0,Wallet,1099.17,TXN-986589
PAY-000021,ORD-00021,2026-08-17 00:53:00,Successful,63897.0,Wallet,958.45,TXN-972335
PAY-000285,ORD-00285,2026-08-17 00:53:00,Successful,72216.0,UPI,0.0,TXN-830302
PAY-000075,ORD-00075,2026-08-17 00:55:00,Successful,100300.0,Wallet,1504.5,TXN-926730
PAY-000197,ORD-00197,2026-08-18 00:10:00,Successful,62215.5,NetBanking,746.59,TXN-909676
PAY-000005,ORD-00005,2026-08-18 00:16:00,Successful,1180000.0,Wallet,17700.0,TXN-708792
PAY-000194,ORD-00194,2026-08-18 00:16:00,Successful,180540.0,Card,3249.72,TXN-991737
PAY-000071,ORD-00071,2026-08-18 00:20:00,Successful,590000.0,NetBanking,7080.0,TXN-997004
PAY-000227,ORD-00227,2026-08-18 00:20:00,Successful,476838.0,UPI,0.0,TXN-253347
PAY-000015,ORD-00015,2026-08-18 00:25:00,Successful,266090.0,Wallet,3991.35,TXN-666390
PAY-FAIL-0011,ORD-00180,2026-08-18 00:28:00,Failed,0.0,UPI,0.0,TXN-DECLINED-0011
PAY-000202,ORD-00202,2026-08-18 00:31:00,Successful,59590.0,Wallet,893.85,TXN-414313
PAY-000255,ORD-00255,2026-08-18 00:34:00,Successful,90270.0,Wallet,1354.05,TXN-884229
PAY-000180,ORD-00180,2026-08-18 00:35:00,Successful,355770.0,UPI,0.0,TXN-319036
PAY-000030,ORD-00030,2026-08-18 00:49:00,Successful,751070.0,UPI,0.0,TXN-599219
PAY-000268,ORD-00268,2026-08-18 00:56:00,Successful,350460.0,Wallet,5256.9,TXN-873959
PAY-000062,ORD-00062,2026-08-18 00:58:00,Successful,7965.0,NetBanking,95.58,TXN-400096
PAY-000079,ORD-00079,2026-08-18 00:59:00,Successful,682040.0,Card,12276.72,TXN-786516
PAY-000291,ORD-00291,2026-08-19 00:07:00,Successful,607464.0,NetBanking,7289.57,TXN-280564
PAY-000112,ORD-00112,2026-08-19 00:10:00,Successful,840750.0,Card,15133.5,TXN-119927
PAY-000243,ORD-00243,2026-08-19 00:10:00,Successful,699504.0,Wallet,10492.56,TXN-636141
PAY-000153,ORD-00153,2026-08-19 00:30:00,Successful,113221.0,NetBanking,1358.65,TXN-958130
PAY-000265,ORD-00265,2026-08-19 00:31:00,Successful,139004.0,UPI,0.0,TXN-309146
PAY-000060,ORD-00060,2026-08-19 00:34:00,Successful,226737.0,Wallet,3401.05,TXN-986365
PAY-000042,ORD-00042,2026-08-19 00:37:00,Successful,711540.0,Wallet,10673.1,TXN-666211
PAY-000066,ORD-00066,2026-08-19 00:59:00,Successful,55224.0,NetBanking,662.69,TXN-943671
PAY-000097,ORD-00097,2026-08-20 00:07:00,Successful,28585.5,NetBanking,343.03,TXN-159653
PAY-000260,ORD-00260,2026-08-20 00:11:00,Successful,56817.0,UPI,0.0,TXN-584487
PAY-000159,ORD-00159,2026-08-20 00:22:00,Successful,97350.0,NetBanking,1168.2,TXN-302177
PAY-000176,ORD-00176,2026-08-20 00:27:00,Successful,621270.0,Card,11182.86,TXN-774565
PAY-000199,ORD-00199,2026-08-20 00:33:00,Successful,142780.0,NetBanking,1713.36,TXN-684041
PAY-000009,ORD-00009,2026-08-20 00:34:00,Successful,51330.0,Wallet,769.95,TXN-563246
PAY-000052,ORD-00052,2026-08-20 00:34:00,Successful,66139.0,NetBanking,793.67,TXN-437408
PAY-FAIL-0012,ORD-00293,2026-08-20 00:45:00,Failed,0.0,Wallet,0.0,TXN-DECLINED-0012
PAY-000252,ORD-00252,2026-08-20 00:52:00,Successful,401200.0,Wallet,6018.0,TXN-752966
PAY-000293,ORD-00293,2026-08-20 00:52:00,Successful,337480.0,Wallet,5062.2,TXN-564635
PAY-000303,ORD-TEST-004,2026-08-20 09:00:00,Failed,295000.0,NetBanking,0.0,TXN-T4-FAIL
PAY-000236,ORD-00236,2026-08-21 00:09:00,Successful,39825.0,UPI,0.0,TXN-656278
PAY-000081,ORD-00081,2026-08-21 00:11:00,Successful,177000.0,NetBanking,2124.0,TXN-880758
PAY-000267,ORD-00267,2026-08-21 00:11:00,Successful,75933.0,UPI,0.0,TXN-359896
PAY-000257,ORD-00257,2026-08-21 00:14:00,Successful,63130.0,Card,1136.34,TXN-210790
PAY-000033,ORD-00033,2026-08-21 00:22:00,Successful,295000.0,NetBanking,3540.0,TXN-859782
PAY-000119,ORD-00119,2026-08-21 00:23:00,Successful,33630.0,UPI,0.0,TXN-474314
PAY-000140,ORD-00140,2026-08-21 00:24:00,Successful,30798.0,NetBanking,369.58,TXN-621530
PAY-000087,ORD-00087,2026-08-21 00:33:00,Successful,113634.0,Wallet,1704.51,TXN-794093
PAY-000076,ORD-00076,2026-08-21 00:38:00,Successful,34220.0,NetBanking,410.64,TXN-219169
PAY-FAIL-0013,ORD-00280,2026-08-22 00:01:00,Failed,0.0,UPI,0.0,TXN-DECLINED-0013
PAY-000280,ORD-00280,2026-08-22 00:08:00,Successful,302139.0,UPI,0.0,TXN-206176
PAY-000276,ORD-00276,2026-08-22 00:21:00,Successful,195939.0,Wallet,2939.09,TXN-925250
PAY-000120,ORD-00120,2026-08-22 00:26:00,Successful,221958.0,NetBanking,2663.5,TXN-295892
PAY-000104,ORD-00104,2026-08-22 00:37:00,Successful,34220.0,Card,615.96,TXN-908320
PAY-000135,ORD-00135,2026-08-22 00:44:00,Successful,711540.0,NetBanking,8538.48,TXN-770030
PAY-000003,ORD-00003,2026-08-22 01:00:00,Successful,284616.0,NetBanking,3415.39,TXN-140605
PAY-000304,ORD-TEST-005,2026-08-22 14:00:00,Successful,60000.0,Card,1200.0,TXN-T5-PARTIAL
PAY-000298,ORD-00298,2026-08-23 00:08:00,Successful,312759.0,NetBanking,3753.11,TXN-270820
PAY-000085,ORD-00085,2026-08-23 00:09:00,Successful,15399.0,NetBanking,184.79,TXN-248766
PAY-000138,ORD-00138,2026-08-23 00:12:00,Successful,40916.5,NetBanking,491.0,TXN-380464
PAY-000058,ORD-00058,2026-08-23 00:15:00,Successful,51507.0,UPI,0.0,TXN-283573
PAY-000063,ORD-00063,2026-08-23 00:45:00,Successful,265500.0,UPI,0.0,TXN-201883
PAY-000191,ORD-00191,2026-08-23 00:49:00,Successful,62215.5,UPI,0.0,TXN-336828
PAY-000248,ORD-00248,2026-08-24 00:19:00,Successful,19116.0,Card,344.09,TXN-876764
PAY-000125,ORD-00125,2026-08-24 00:28:00,Successful,28674.0,Wallet,430.11,TXN-565504
PAY-000251,ORD-00251,2026-08-24 00:30:00,Successful,8850.0,Card,159.3,TXN-172274
PAY-000253,ORD-00253,2026-08-24 00:39:00,Successful,318364.0,UPI,0.0,TXN-463251
PAY-000072,ORD-00072,2026-08-24 00:47:00,Successful,811840.0,Card,14613.12,TXN-322409
PAY-000130,ORD-00130,2026-08-24 00:50:00,Successful,17700.0,NetBanking,212.4,TXN-853789
PAY-000233,ORD-00233,2026-08-24 00:51:00,Successful,495600.0,Wallet,7434.0,TXN-833417
PAY-000061,ORD-00061,2026-08-25 00:06:00,Successful,131688.0,Wallet,1975.32,TXN-970357
PAY-000012,ORD-00012,2026-08-25 00:16:00,Successful,40120.0,UPI,0.0,TXN-943170
PAY-000149,ORD-00149,2026-08-25 00:17:00,Successful,295000.0,Card,5310.0,TXN-119857
PAY-000059,ORD-00059,2026-08-25 00:21:00,Successful,317007.0,NetBanking,3804.08,TXN-799233
PAY-000206,ORD-00206,2026-08-25 00:48:00,Successful,131688.0,UPI,0.0,TXN-904905
PAY-000029,ORD-00029,2026-08-25 00:56:00,Successful,210748.0,Wallet,3161.22,TXN-370902
PAY-000070,ORD-00070,2026-08-25 00:58:00,Successful,48763.5,Card,877.74,TXN-613117
PAY-000108,ORD-00108,2026-08-25 01:00:00,Successful,41477.0,NetBanking,497.72,TXN-489244
PAY-000124,ORD-00124,2026-08-26 00:07:00,Successful,98235.0,NetBanking,1178.82,TXN-232361
PAY-000141,ORD-00141,2026-08-26 00:23:00,Successful,149653.5,NetBanking,1795.84,TXN-662761
PAY-000284,ORD-00284,2026-08-26 00:28:00,Successful,246620.0,NetBanking,2959.44,TXN-295646
PAY-000215,ORD-00215,2026-08-26 00:29:00,Successful,280250.0,NetBanking,3363.0,TXN-104666
PAY-000210,ORD-00210,2026-08-26 00:33:00,Successful,117144.5,UPI,0.0,TXN-492292
PAY-000274,ORD-00274,2026-08-26 00:36:00,Successful,114165.0,Card,2054.97,TXN-247475
PAY-000182,ORD-00182,2026-08-26 00:39:00,Successful,16815.0,NetBanking,201.78,TXN-780233
PAY-000046,ORD-00046,2026-08-26 00:47:00,Successful,443680.0,Card,7986.24,TXN-668950
PAY-000092,ORD-00092,2026-08-26 00:58:00,Successful,602537.5,NetBanking,7230.45,TXN-823108
PAY-000305,ORD-TEST-007,2026-08-26 16:30:00,Successful,59000.0,Card,5900.0,TXN-T7-HIGHFEE
PAY-000250,ORD-00250,2026-08-27 00:22:00,Successful,20178.0,Wallet,302.67,TXN-966120
PAY-000131,ORD-00131,2026-08-27 00:34:00,Successful,38763.0,NetBanking,465.16,TXN-813145
PAY-000200,ORD-00200,2026-08-27 00:43:00,Successful,95285.0,Card,1715.13,TXN-727094
PAY-000170,ORD-00170,2026-08-27 00:46:00,Successful,92040.0,UPI,0.0,TXN-464663
PAY-000008,ORD-00008,2026-08-27 00:48:00,Successful,54870.0,NetBanking,658.44,TXN-884475
PAY-000294,ORD-00294,2026-08-27 00:57:00,Successful,327096.0,Wallet,4906.44,TXN-158936
PAY-000150,ORD-00150,2026-08-27 01:00:00,Successful,21859.5,NetBanking,262.31,TXN-989587
PAY-000306,ORD-TEST-008,2026-08-27 12:00:00,Successful,21240.0,NetBanking,254.88,TXN-T8-OK
PAY-000161,ORD-00161,2026-08-28 00:05:00,Successful,58292.0,UPI,0.0,TXN-373453
PAY-000172,ORD-00172,2026-08-28 00:07:00,Successful,74546.5,Card,1341.84,TXN-948799
PAY-000190,ORD-00190,2026-08-28 00:17:00,Successful,90270.0,UPI,0.0,TXN-749887
PAY-000093,ORD-00093,2026-08-28 00:30:00,Successful,30798.0,Card,554.36,TXN-425346
PAY-000142,ORD-00142,2026-08-28 00:30:00,Successful,40356.0,Card,726.41,TXN-153642
PAY-000208,ORD-00208,2026-08-28 00:39:00,Successful,196470.0,NetBanking,2357.64,TXN-138551
PAY-000088,ORD-00088,2026-08-29 00:23:00,Successful,28585.5,Card,514.54,TXN-811163
PAY-000123,ORD-00123,2026-08-29 00:45:00,Successful,531000.0,Wallet,7965.0,TXN-929924
PAY-000213,ORD-00213,2026-08-29 00:48:00,Successful,300900.0,Card,5416.2,TXN-938913
PAY-000162,ORD-00162,2026-08-29 00:49:00,Successful,48763.5,Wallet,731.45,TXN-347781
PAY-000118,ORD-00118,2026-08-30 00:07:00,Successful,630120.0,UPI,0.0,TXN-929538
PAY-000232,ORD-00232,2026-08-30 00:15:00,Successful,20709.0,Wallet,310.63,TXN-387330
PAY-000245,ORD-00245,2026-08-30 00:15:00,Successful,117351.0,Card,2112.32,TXN-620526
PAY-000207,ORD-00207,2026-08-30 00:20:00,Successful,101480.0,Wallet,1522.2,TXN-364955
PAY-000258,ORD-00258,2026-08-30 00:34:00,Successful,40710.0,Wallet,610.65,TXN-377880
PAY-000296,ORD-00296,2026-08-30 00:37:00,Successful,20178.0,NetBanking,242.14,TXN-516224
PAY-000013,ORD-00013,2026-08-30 00:56:00,Successful,8850.0,UPI,0.0,TXN-587213
PAY-000017,ORD-00017,2026-08-30 00:59:00,Successful,131688.0,Card,2370.38,TXN-902784
PAY-000242,ORD-00242,2026-08-31 00:07:00,Successful,100300.0,UPI,0.0,TXN-163406
PAY-000283,ORD-00283,2026-08-31 00:10:00,Successful,100300.0,Wallet,1504.5,TXN-596574
PAY-FAIL-0014,ORD-00032,2026-08-31 00:12:00,Failed,0.0,Wallet,0.0,TXN-DECLINED-0014
PAY-000032,ORD-00032,2026-08-31 00:19:00,Successful,100890.0,Wallet,1513.35,TXN-226516
PAY-000028,ORD-00028,2026-08-31 00:20:00,Successful,67260.0,NetBanking,807.12,TXN-886931
PAY-000077,ORD-00077,2026-08-31 00:34:00,Successful,39825.0,Wallet,597.38,TXN-774591
PAY-000018,ORD-00018,2026-08-31 00:36:00,Successful,40356.0,UPI,0.0,TXN-330080
PAY-000078,ORD-00078,2026-08-31 00:43:00,Successful,69030.0,Wallet,1035.45,TXN-255539
PAY-000040,ORD-00040,2026-08-31 00:48:00,Successful,128502.0,Card,2313.04,TXN-344762
PAY-000045,ORD-00045,2026-08-31 00:49:00,Successful,67260.0,NetBanking,807.12,TXN-619536
PAY-000157,ORD-00157,2026-08-31 00:54:00,Successful,320606.0,Card,5770.91,TXN-193806
PAY-000036,ORD-00036,2026-08-31 00:57:00,Successful,59973.5,Card,1079.52,TXN-168517
PAY-000231,ORD-00231,2026-09-01 00:12:00,Successful,355770.0,Card,6403.86,TXN-999312
PAY-000273,ORD-00273,2026-09-01 00:13:00,Successful,596932.5,Wallet,8953.99,TXN-286340
PAY-000089,ORD-00089,2026-09-01 00:18:00,Successful,713310.0,Wallet,10699.65,TXN-904624
PAY-000282,ORD-00282,2026-09-01 00:23:00,Successful,200600.0,Card,3610.8,TXN-963918
PAY-000031,ORD-00031,2026-09-01 00:24:00,Successful,115463.0,UPI,0.0,TXN-796212
PAY-000050,ORD-00050,2026-09-01 00:29:00,Successful,105934.5,UPI,0.0,TXN-299869
PAY-000054,ORD-00054,2026-09-01 00:38:00,Successful,34220.0,Card,615.96,TXN-579123
PAY-000121,ORD-00121,2026-09-01 00:39:00,Successful,218300.0,UPI,0.0,TXN-408036
PAY-000019,ORD-00019,2026-09-01 00:51:00,Successful,41418.0,NetBanking,497.02,TXN-273061
PAY-000188,ORD-00188,2026-09-02 00:05:00,Successful,35046.0,Card,630.83,TXN-658065
PAY-FAIL-0015,ORD-00116,2026-09-02 00:20:00,Failed,0.0,Card,0.0,TXN-DECLINED-0015
PAY-FAIL-0016,ORD-00211,2026-09-02 00:24:00,Failed,0.0,Wallet,0.0,TXN-DECLINED-0016
PAY-000116,ORD-00116,2026-09-02 00:27:00,Successful,772929.5,Card,13912.73,TXN-926823
PAY-000211,ORD-00211,2026-09-02 00:31:00,Successful,20178.0,Wallet,302.67,TXN-190025
PAY-000167,ORD-00167,2026-09-02 00:40:00,Successful,223079.0,Card,4015.42,TXN-584838
PAY-000229,ORD-00229,2026-09-02 00:45:00,Successful,98766.0,NetBanking,1185.19,TXN-796405
PAY-000175,ORD-00175,2026-09-02 00:47:00,Successful,51920.0,UPI,0.0,TXN-646571
PAY-000145,ORD-00145,2026-09-02 00:56:00,Successful,109150.0,Wallet,1637.25,TXN-596756
PAY-000247,ORD-00247,2026-09-03 00:08:00,Successful,20178.0,Wallet,302.67,TXN-623879
PAY-000105,ORD-00105,2026-09-03 00:14:00,Successful,531000.0,NetBanking,6372.0,TXN-270128
PAY-000246,ORD-00246,2026-09-03 00:26:00,Successful,569232.0,Card,10246.18,TXN-946313
PAY-000103,ORD-00103,2026-09-03 00:28:00,Successful,531000.0,Card,9558.0,TXN-423869
PAY-000241,ORD-00241,2026-09-03 00:28:00,Successful,42480.0,NetBanking,509.76,TXN-672896
PAY-000109,ORD-00109,2026-09-03 00:37:00,Successful,21240.0,NetBanking,254.88,TXN-254506
PAY-FAIL-0017,ORD-00177,2026-09-03 00:46:00,Failed,0.0,UPI,0.0,TXN-DECLINED-0017
PAY-000034,ORD-00034,2026-09-03 00:50:00,Successful,89680.0,Card,1614.24,TXN-660081
PAY-000177,ORD-00177,2026-09-03 00:53:00,Successful,582359.5,UPI,0.0,TXN-664058
PAY-000020,ORD-00020,2026-09-04 00:13:00,Successful,23010.0,NetBanking,276.12,TXN-584125
PAY-000134,ORD-00134,2026-09-04 00:15:00,Successful,7965.0,UPI,0.0,TXN-790731
PAY-000169,ORD-00169,2026-09-04 00:16:00,Successful,200600.0,NetBanking,2407.2,TXN-906325
PAY-000155,ORD-00155,2026-09-04 00:20:00,Successful,31329.0,UPI,0.0,TXN-153231
PAY-000244,ORD-00244,2026-09-04 00:20:00,Successful,58941.0,Card,1060.94,TXN-190400
PAY-000147,ORD-00147,2026-09-04 00:31:00,Successful,582359.5,Card,10482.47,TXN-712056
PAY-000107,ORD-00107,2026-09-04 00:34:00,Successful,42480.0,NetBanking,509.76,TXN-906814
PAY-000136,ORD-00136,2026-09-04 00:34:00,Successful,551709.0,Wallet,8275.64,TXN-176517
PAY-000171,ORD-00171,2026-09-04 00:34:00,Successful,303850.0,Wallet,4557.75,TXN-806215
PAY-000152,ORD-00152,2026-09-04 00:40:00,Successful,607700.0,Wallet,9115.5,TXN-412999
PAY-000209,ORD-00209,2026-09-04 00:41:00,Successful,985300.0,Card,17735.4,TXN-776364
PAY-000056,ORD-00056,2026-09-04 00:45:00,Successful,46197.0,UPI,0.0,TXN-817644
PAY-000278,ORD-00278,2026-09-04 00:56:00,Successful,209450.0,Card,3770.1,TXN-986846
PAY-000048,ORD-00048,2026-09-05 00:06:00,Successful,38232.0,Card,688.18,TXN-760626
PAY-000014,ORD-00014,2026-09-05 00:33:00,Successful,77880.0,NetBanking,934.56,TXN-371782
PAY-FAIL-0018,ORD-00001,2026-09-05 00:48:00,Failed,0.0,Wallet,0.0,TXN-DECLINED-0018
PAY-000080,ORD-00080,2026-09-05 00:51:00,Successful,98087.5,NetBanking,1177.05,TXN-199704
PAY-000001,ORD-00001,2026-09-05 00:55:00,Successful,23010.0,Wallet,345.15,TXN-141832
