shipment_id,order_id,shipment_date,delivery_date,shipment_status,courier
SHP-000001,ORD-00001,2026-09-06,2026-09-08,Delivered,Delhivery
SHP-000002,ORD-00002,2026-08-17,2026-08-19,Delivered,BlueDart
SHP-000003,ORD-00003,2026-08-23,2026-08-25,Delivered,Delhivery
SHP-000004,ORD-00004,2026-08-14,2026-08-16,Delivered,Delhivery
SHP-000005,ORD-00005,2026-08-19,2026-08-21,Delivered,Delhivery
SHP-000006,ORD-00006,2026-08-08,2026-08-10,Delivered,FedEx
SHP-000007,ORD-00007,2026-08-02,2026-08-04,Delivered,FedEx
SHP-000008,ORD-00008,2026-08-28,2026-08-30,Delivered,BlueDart
SHP-000009,ORD-00009,2026-08-21,2026-08-23,Delivered,Delhivery
SHP-000010,ORD-00010,2026-08-15,2026-08-17,Delivered,BlueDart
SHP-000011,ORD-00011,2026-08-03,2026-08-05,Delivered,FedEx
SHP-000012,ORD-00012,2026-08-26,2026-08-28,Delivered,FedEx
SHP-000013,ORD-00013,2026-08-31,2026-09-02,Delivered,FedEx
SHP-000014,ORD-00014,2026-09-06,2026-09-08,Delivered,BlueDart
SHP-000015,ORD-00015,2026-08-19,2026-08-21,Delivered,BlueDart
SHP-000016,ORD-00016,2026-08-11,2026-08-13,Delivered,Delhivery
SHP-000017,ORD-00017,2026-08-31,2026-09-02,Delivered,FedEx
SHP-000018,ORD-00018,2026-09-01,2026-09-03,Delivered,Delhivery
SHP-000019,ORD-00019,2026-09-02,2026-09-04,Delivered,Delhivery
SHP-000020,ORD-00020,2026-09-05,2026-09-07,Delivered,BlueDart
SHP-000021,ORD-00021,2026-08-18,2026-08-20,Delivered,Delhivery
SHP-000022,ORD-00022,2026-08-07,2026-08-09,Delivered,BlueDart
SHP-000023,ORD-00023,2026-08-03,2026-08-05,Delivered,Delhivery
SHP-000024,ORD-00024,2026-08-09,2026-08-11,Delivered,Delhivery
SHP-000025,ORD-00025,2026-08-14,2026-08-16,Delivered,FedEx
SHP-000026,ORD-00026,2026-08-04,2026-08-06,Delivered,Delhivery
SHP-000027,ORD-00027,2026-08-08,2026-08-10,Delivered,FedEx
SHP-000028,ORD-00028,2026-09-01,2026-09-03,Delivered,Delhivery
SHP-000029,ORD-00029,2026-08-26,2026-08-28,Delivered,Delhivery
SHP-000030,ORD-00030,2026-08-19,2026-08-21,Delivered,FedEx
SHP-000031,ORD-00031,2026-09-02,2026-09-04,Delivered,FedEx
SHP-000032,ORD-00032,2026-09-01,2026-09-03,Delivered,FedEx
SHP-000033,ORD-00033,2026-08-22,2026-08-24,Delivered,FedEx
SHP-000034,ORD-00034,2026-09-04,2026-09-06,Delivered,BlueDart
SHP-000035,ORD-00035,2026-08-04,2026-08-06,Delivered,FedEx
SHP-000036,ORD-00036,2026-09-01,2026-09-03,Delivered,Delhivery
SHP-000037,ORD-00037,2026-08-06,2026-08-08,Delivered,Delhivery
SHP-000038,ORD-00038,2026-08-16,2026-08-18,Delivered,BlueDart
SHP-000039,ORD-00039,2026-08-15,2026-08-17,Delivered,Delhivery
SHP-000040,ORD-00040,2026-09-01,2026-09-03,Delivered,Delhivery
SHP-000041,ORD-00041,2026-08-14,2026-08-16,Delivered,Delhivery
SHP-000042,ORD-00042,2026-08-20,2026-08-22,Delivered,Delhivery
SHP-000043,ORD-00043,2026-08-07,2026-08-09,Delivered,FedEx
SHP-000044,ORD-00044,2026-08-03,2026-08-05,Delivered,Delhivery
SHP-000045,ORD-00045,2026-09-01,2026-09-03,Delivered,Delhivery
SHP-000046,ORD-00046,2026-08-27,2026-08-29,Delivered,Delhivery
SHP-000047,ORD-00047,2026-08-05,2026-08-07,Delivered,BlueDart
SHP-000048,ORD-00048,2026-09-06,2026-09-08,Delivered,FedEx
SHP-000049,ORD-00049,2026-08-12,2026-08-14,Delivered,FedEx
SHP-000050,ORD-00050,2026-09-02,2026-09-04,Delivered,FedEx
SHP-000051,ORD-00051,2026-08-10,2026-08-12,Delivered,Delhivery
SHP-000052,ORD-00052,2026-08-21,2026-08-23,Delivered,BlueDart
SHP-000053,ORD-00053,2026-08-17,2026-08-19,Delivered,FedEx
SHP-000054,ORD-00054,2026-09-02,2026-09-04,Delivered,BlueDart
SHP-000055,ORD-00055,2026-08-11,2026-08-13,Delivered,Delhivery
SHP-000056,ORD-00056,2026-09-05,2026-09-07,Delivered,Delhivery
SHP-000057,ORD-00057,2026-08-07,2026-08-09,Delivered,BlueDart
SHP-000058,ORD-00058,2026-08-24,2026-08-26,Delivered,BlueDart
SHP-000059,ORD-00059,2026-08-26,2026-08-28,Delivered,BlueDart
SHP-000060,ORD-00060,2026-08-20,2026-08-22,Delivered,Delhivery
SHP-000061,ORD-00061,2026-08-26,2026-08-28,Delivered,FedEx
SHP-000062,ORD-00062,2026-08-19,2026-08-21,Delivered,BlueDart
SHP-000063,ORD-00063,2026-08-24,2026-08-26,Delivered,FedEx
SHP-000064,ORD-00064,2026-08-04,2026-08-06,Delivered,FedEx
SHP-000065,ORD-00065,2026-08-13,2026-08-15,Delivered,Delhivery
SHP-000066,ORD-00066,2026-08-20,2026-08-22,Delivered,FedEx
SHP-000067,ORD-00067,2026-08-07,2026-08-09,Delivered,FedEx
SHP-000068,ORD-00068,2026-08-08,2026-08-10,Delivered,FedEx
SHP-000069,ORD-00069,2026-08-09,2026-08-11,Delivered,FedEx
SHP-000070,ORD-00070,2026-08-26,2026-08-28,Delivered,FedEx
SHP-000071,ORD-00071,2026-08-19,2026-08-21,Delivered,Delhivery
SHP-000072,ORD-00072,2026-08-25,2026-08-27,Delivered,FedEx
SHP-000073,ORD-00073,2026-08-03,2026-08-05,Delivered,FedEx
SHP-000074,ORD-00074,2026-08-15,2026-08-17,Delivered,BlueDart
SHP-000075,ORD-00075,2026-08-18,2026-08-20,Delivered,BlueDart
SHP-000076,ORD-00076,2026-08-22,2026-08-24,Delivered,FedEx
SHP-000077,ORD-00077,2026-09-01,2026-09-03,Delivered,BlueDart
SHP-000078,ORD-00078,2026-09-01,2026-09-03,Delivered,BlueDart
SHP-000079,ORD-00079,2026-08-19,2026-08-21,Delivered,FedEx
SHP-000080,ORD-00080,2026-09-06,2026-09-08,Delivered,Delhivery
SHP-000081,ORD-00081,2026-08-22,2026-08-24,Delivered,FedEx
SHP-000082,ORD-00082,2026-08-10,2026-08-12,Delivered,Delhivery
SHP-000083,ORD-00083,2026-08-08,2026-08-10,Delivered,Delhivery
SHP-000084,ORD-00084,2026-08-16,2026-08-18,Delivered,Delhivery
SHP-000085,ORD-00085,2026-08-24,2026-08-26,Delivered,FedEx
SHP-000086,ORD-00086,2026-08-03,2026-08-05,Delivered,Delhivery
SHP-000087,ORD-00087,2026-08-22,2026-08-24,Delivered,Delhivery
SHP-000088,ORD-00088,2026-08-30,2026-09-01,Delivered,FedEx
SHP-000089,ORD-00089,2026-09-02,2026-09-04,Delivered,BlueDart
SHP-000090,ORD-00090,2026-08-18,2026-08-20,Delivered,FedEx
SHP-000091,ORD-00091,2026-08-16,2026-08-18,Delivered,FedEx
SHP-000092,ORD-00092,2026-08-27,2026-08-29,Delivered,Delhivery
SHP-000093,ORD-00093,2026-08-29,2026-08-31,Delivered,FedEx
SHP-000094,ORD-00094,2026-08-16,2026-08-18,Delivered,Delhivery
SHP-000095,ORD-00095,2026-08-11,2026-08-13,Delivered,FedEx
SHP-000096,ORD-00096,2026-08-13,2026-08-15,Delivered,Delhivery
SHP-000097,ORD-00097,2026-08-21,2026-08-23,Delivered,Delhivery
SHP-000098,ORD-00098,2026-08-06,2026-08-08,Delivered,BlueDart
SHP-000099,ORD-00099,2026-08-08,2026-08-10,Delivered,FedEx
SHP-000100,ORD-00100,2026-08-12,2026-08-14,Delivered,FedEx
SHP-000101,ORD-00101,2026-08-06,2026-08-08,Delivered,FedEx
SHP-000102,ORD-00102,2026-08-11,2026-08-13,Delivered,Delhivery
SHP-000103,ORD-00103,2026-09-04,2026-09-06,Delivered,BlueDart
SHP-000104,ORD-00104,2026-08-23,2026-08-25,Delivered,FedEx
SHP-000105,ORD-00105,2026-09-04,2026-09-06,Delivered,BlueDart
SHP-000106,ORD-00106,2026-08-12,2026-08-14,Delivered,Delhivery
SHP-000107,ORD-00107,2026-09-05,2026-09-07,Delivered,Delhivery
SHP-000108,ORD-00108,2026-08-26,2026-08-28,Delivered,FedEx
SHP-000109,ORD-00109,2026-09-04,2026-09-06,Delivered,Delhivery
SHP-000110,ORD-00110,2026-08-16,2026-08-18,Delivered,BlueDart
SHP-000111,ORD-00111,2026-08-16,2026-08-18,Delivered,BlueDart
SHP-000112,ORD-00112,2026-08-20,2026-08-22,Delivered,Delhivery
SHP-000113,ORD-00113,2026-08-11,2026-08-13,Delivered,FedEx
SHP-000114,ORD-00114,2026-08-06,2026-08-08,Delivered,Delhivery
SHP-000115,ORD-00115,2026-08-02,2026-08-04,Delivered,FedEx
SHP-000116,ORD-00116,2026-09-03,2026-09-05,Delivered,BlueDart
SHP-000117,ORD-00117,2026-08-17,2026-08-19,Delivered,BlueDart
SHP-000118,ORD-00118,2026-08-31,2026-09-02,Delivered,BlueDart
SHP-000119,ORD-00119,2026-08-22,2026-08-24,Delivered,BlueDart
SHP-000120,ORD-00120,2026-08-23,2026-08-25,Delivered,Delhivery
SHP-000121,ORD-00121,2026-09-02,2026-09-04,Delivered,Delhivery
SHP-000122,ORD-00122,2026-08-07,2026-08-09,Delivered,Delhivery
SHP-000123,ORD-00123,2026-08-30,2026-09-01,Delivered,BlueDart
SHP-000124,ORD-00124,2026-08-27,2026-08-29,Delivered,BlueDart
SHP-000125,ORD-00125,2026-08-25,2026-08-27,Delivered,BlueDart
SHP-000126,ORD-00126,2026-08-10,2026-08-12,Delivered,Delhivery
SHP-000127,ORD-00127,2026-08-09,2026-08-11,Delivered,BlueDart
SHP-000128,ORD-00128,2026-08-13,2026-08-15,Delivered,BlueDart
SHP-000129,ORD-00129,2026-08-13,2026-08-15,Delivered,FedEx
SHP-000130,ORD-00130,2026-08-25,2026-08-27,Delivered,Delhivery
SHP-000131,ORD-00131,2026-08-28,2026-08-30,Delivered,FedEx
SHP-000132,ORD-00132,2026-08-10,2026-08-12,Delivered,BlueDart
SHP-000133,ORD-00133,2026-08-16,2026-08-18,Delivered,Delhivery
SHP-000134,ORD-00134,2026-09-05,2026-09-07,Delivered,FedEx
SHP-000135,ORD-00135,2026-08-23,2026-08-25,Delivered,BlueDart
SHP-000136,ORD-00136,2026-09-05,2026-09-07,Delivered,FedEx
SHP-000137,ORD-00137,2026-08-12,2026-08-14,Delivered,Delhivery
SHP-000138,ORD-00138,2026-08-24,2026-08-26,Delivered,Delhivery
SHP-000139,ORD-00139,2026-08-11,2026-08-13,Delivered,Delhivery
SHP-000140,ORD-00140,2026-08-22,2026-08-24,Delivered,BlueDart
SHP-000141,ORD-00141,2026-08-27,2026-08-29,Delivered,BlueDart
SHP-000142,ORD-00142,2026-08-29,2026-08-31,Delivered,FedEx
SHP-000143,ORD-00143,2026-08-14,2026-08-16,Delivered,FedEx
SHP-000144,ORD-00144,2026-08-09,2026-08-11,Delivered,BlueDart
SHP-000145,ORD-00145,2026-09-03,2026-09-05,Delivered,FedEx
SHP-000146,ORD-00146,2026-08-11,2026-08-13,Delivered,FedEx
SHP-000147,ORD-00147,2026-09-05,2026-09-07,Delivered,Delhivery
SHP-000148,ORD-00148,2026-08-03,2026-08-05,Delivered,FedEx
SHP-000149,ORD-00149,2026-08-26,2026-08-28,Delivered,Delhivery
SHP-000150,ORD-00150,2026-08-28,2026-08-30,Delivered,FedEx
SHP-000151,ORD-00151,2026-08-05,2026-08-07,Delivered,FedEx
SHP-000152,ORD-00152,2026-09-05,2026-09-07,Delivered,BlueDart
SHP-000153,ORD-00153,2026-08-20,2026-08-22,Delivered,Delhivery
SHP-000154,ORD-00154,2026-08-11,2026-08-13,Delivered,BlueDart
SHP-000155,ORD-00155,2026-09-05,2026-09-07,Delivered,FedEx
SHP-000156,ORD-00156,2026-08-16,2026-08-18,Delivered,BlueDart
SHP-000157,ORD-00157,2026-09-01,2026-09-03,Delivered,FedEx
SHP-000158,ORD-00158,2026-08-16,2026-08-18,Delivered,BlueDart
SHP-000159,ORD-00159,2026-08-21,2026-08-23,Delivered,BlueDart
SHP-000160,ORD-00160,2026-08-12,2026-08-14,Delivered,FedEx
SHP-000161,ORD-00161,2026-08-29,2026-08-31,Delivered,Delhivery
SHP-000162,ORD-00162,2026-08-30,2026-09-01,Delivered,BlueDart
SHP-000163,ORD-00163,2026-08-09,2026-08-11,Delivered,BlueDart
SHP-000164,ORD-00164,2026-08-10,2026-08-12,Delivered,FedEx
SHP-000165,ORD-00165,2026-08-17,2026-08-19,Delivered,FedEx
SHP-000166,ORD-00166,2026-08-14,2026-08-16,Delivered,Delhivery
SHP-000167,ORD-00167,2026-09-03,2026-09-05,Delivered,FedEx
SHP-000168,ORD-00168,2026-08-03,2026-08-05,Delivered,FedEx
SHP-000169,ORD-00169,2026-09-05,2026-09-07,Delivered,BlueDart
SHP-000170,ORD-00170,2026-08-28,2026-08-30,Delivered,BlueDart
SHP-000171,ORD-00171,2026-09-05,2026-09-07,Delivered,FedEx
SHP-000172,ORD-00172,2026-08-29,2026-08-31,Delivered,FedEx
SHP-000173,ORD-00173,2026-08-03,2026-08-05,Delivered,FedEx
SHP-000174,ORD-00174,2026-08-05,2026-08-07,Delivered,BlueDart
SHP-000175,ORD-00175,2026-09-03,2026-09-05,Delivered,BlueDart
SHP-000176,ORD-00176,2026-08-21,2026-08-23,Delivered,FedEx
SHP-000177,ORD-00177,2026-09-04,2026-09-06,Delivered,Delhivery
SHP-000178,ORD-00178,2026-08-16,2026-08-18,Delivered,BlueDart
SHP-000179,ORD-00179,2026-08-17,2026-08-19,Delivered,BlueDart
SHP-000180,ORD-00180,2026-08-19,2026-08-21,Delivered,Delhivery
SHP-000181,ORD-00181,2026-08-02,2026-08-04,Delivered,FedEx
SHP-000182,ORD-00182,2026-08-27,2026-08-29,Delivered,Delhivery
SHP-000183,ORD-00183,2026-08-18,2026-08-20,Delivered,Delhivery
SHP-000184,ORD-00184,2026-08-04,2026-08-06,Delivered,Delhivery
SHP-000185,ORD-00185,2026-08-17,2026-08-19,Delivered,FedEx
SHP-000186,ORD-00186,2026-08-12,2026-08-14,Delivered,BlueDart
SHP-000187,ORD-00187,2026-08-05,2026-08-07,Delivered,BlueDart
SHP-000188,ORD-00188,2026-09-03,2026-09-05,Delivered,FedEx
SHP-000189,ORD-00189,2026-08-02,2026-08-04,Delivered,FedEx
SHP-000190,ORD-00190,2026-08-29,2026-08-31,Delivered,FedEx
SHP-000191,ORD-00191,2026-08-24,2026-08-26,Delivered,Delhivery
SHP-000192,ORD-00192,2026-08-07,2026-08-09,Delivered,FedEx
SHP-000193,ORD-00193,2026-08-07,2026-08-09,Delivered,FedEx
SHP-000194,ORD-00194,2026-08-19,2026-08-21,Delivered,Delhivery
SHP-000195,ORD-00195,2026-08-15,2026-08-17,Delivered,FedEx
SHP-000196,ORD-00196,2026-08-07,2026-08-09,Delivered,BlueDart
SHP-000197,ORD-00197,2026-08-19,2026-08-21,Delivered,FedEx
SHP-000198,ORD-00198,2026-08-17,2026-08-19,Delivered,BlueDart
SHP-000199,ORD-00199,2026-08-21,2026-08-23,Delivered,FedEx
SHP-000200,ORD-00200,2026-08-28,2026-08-30,Delivered,Delhivery
SHP-000201,ORD-00201,2026-08-02,2026-08-04,Delivered,BlueDart
SHP-000202,ORD-00202,2026-08-19,2026-08-21,Delivered,Delhivery
SHP-000203,ORD-00203,2026-08-06,2026-08-08,Delivered,BlueDart
SHP-000204,ORD-00204,2026-08-02,2026-08-04,Delivered,FedEx
SHP-000205,ORD-00205,2026-08-14,2026-08-16,Delivered,BlueDart
SHP-000206,ORD-00206,2026-08-26,2026-08-28,Delivered,FedEx
SHP-000207,ORD-00207,2026-08-31,2026-09-02,Delivered,FedEx
SHP-000208,ORD-00208,2026-08-29,2026-08-31,Delivered,Delhivery
SHP-000209,ORD-00209,2026-09-05,2026-09-07,Delivered,FedEx
SHP-000210,ORD-00210,2026-08-27,2026-08-29,Delivered,Delhivery
SHP-000211,ORD-00211,2026-09-03,2026-09-05,Delivered,BlueDart
SHP-000212,ORD-00212,2026-08-11,2026-08-13,Delivered,Delhivery
SHP-000213,ORD-00213,2026-08-30,2026-09-01,Delivered,BlueDart
SHP-000214,ORD-00214,2026-08-17,2026-08-19,Delivered,FedEx
SHP-000215,ORD-00215,2026-08-27,2026-08-29,Delivered,FedEx
SHP-000216,ORD-00216,2026-08-15,2026-08-17,Delivered,Delhivery
SHP-000217,ORD-00217,2026-08-18,2026-08-20,Delivered,Delhivery
SHP-000218,ORD-00218,2026-08-13,2026-08-15,Delivered,BlueDart
SHP-000219,ORD-00219,2026-08-11,2026-08-13,Delivered,FedEx
SHP-000220,ORD-00220,2026-08-13,2026-08-15,Delivered,BlueDart
SHP-000221,ORD-00221,2026-08-10,2026-08-12,Delivered,Delhivery
SHP-000222,ORD-00222,2026-08-12,2026-08-14,Delivered,FedEx
SHP-000223,ORD-00223,2026-08-12,2026-08-14,Delivered,Delhivery
SHP-000224,ORD-00224,2026-08-04,2026-08-06,Delivered,BlueDart
SHP-000225,ORD-00225,2026-08-09,2026-08-11,Delivered,BlueDart
SHP-000226,ORD-00226,2026-08-15,2026-08-17,Delivered,Delhivery
SHP-000227,ORD-00227,2026-08-19,2026-08-21,Delivered,FedEx
SHP-000228,ORD-00228,2026-08-17,2026-08-19,Delivered,BlueDart
SHP-000229,ORD-00229,2026-09-03,2026-09-05,Delivered,FedEx
SHP-000230,ORD-00230,2026-08-06,2026-08-08,Delivered,BlueDart
SHP-000231,ORD-00231,2026-09-02,2026-09-04,Delivered,BlueDart
SHP-000232,ORD-00232,2026-08-31,2026-09-02,Delivered,BlueDart
SHP-000233,ORD-00233,2026-08-25,2026-08-27,Delivered,BlueDart
SHP-000234,ORD-00234,2026-08-07,2026-08-09,Delivered,FedEx
SHP-000235,ORD-00235,2026-08-09,2026-08-11,Delivered,BlueDart
SHP-000236,ORD-00236,2026-08-22,2026-08-24,Delivered,FedEx
SHP-000237,ORD-00237,2026-08-12,2026-08-14,Delivered,BlueDart
SHP-000238,ORD-00238,2026-08-10,2026-08-12,Delivered,BlueDart
SHP-000239,ORD-00239,2026-08-07,2026-08-09,Delivered,FedEx
SHP-000240,ORD-00240,2026-08-14,2026-08-16,Delivered,FedEx
SHP-000241,ORD-00241,2026-09-04,2026-09-06,Delivered,FedEx
SHP-000242,ORD-00242,2026-09-01,2026-09-03,Delivered,Delhivery
SHP-000243,ORD-00243,2026-08-20,2026-08-22,Delivered,BlueDart
SHP-000244,ORD-00244,2026-09-05,2026-09-07,Delivered,Delhivery
SHP-000245,ORD-00245,2026-08-31,2026-09-02,Delivered,Delhivery
SHP-000246,ORD-00246,2026-09-04,2026-09-06,Delivered,Delhivery
SHP-000247,ORD-00247,2026-09-04,2026-09-06,Delivered,FedEx
SHP-000248,ORD-00248,2026-08-25,2026-08-27,Delivered,FedEx
SHP-000249,ORD-00249,2026-08-04,2026-08-06,Delivered,BlueDart
SHP-000250,ORD-00250,2026-08-28,2026-08-30,Delivered,BlueDart
SHP-000251,ORD-00251,2026-08-25,2026-08-27,Delivered,Delhivery
SHP-000252,ORD-00252,2026-08-21,2026-08-23,Delivered,BlueDart
SHP-000253,ORD-00253,2026-08-25,2026-08-27,Delivered,FedEx
SHP-000254,ORD-00254,2026-08-02,2026-08-04,Delivered,BlueDart
SHP-000255,ORD-00255,2026-08-19,2026-08-21,Delivered,BlueDart
SHP-000256,ORD-00256,2026-08-08,2026-08-10,Delivered,Delhivery
SHP-000257,ORD-00257,2026-08-22,2026-08-24,Delivered,BlueDart
SHP-000258,ORD-00258,2026-08-31,2026-09-02,Delivered,BlueDart
SHP-000259,ORD-00259,2026-08-12,2026-08-14,Delivered,BlueDart
SHP-000260,ORD-00260,2026-08-21,2026-08-23,Delivered,BlueDart
SHP-000261,ORD-00261,2026-08-09,2026-08-11,Delivered,FedEx
SHP-000262,ORD-00262,2026-08-07,2026-08-09,Delivered,Delhivery
SHP-000263,ORD-00263,2026-08-04,2026-08-06,Delivered,FedEx
SHP-000264,ORD-00264,2026-08-13,2026-08-15,Delivered,FedEx
SHP-000265,ORD-00265,2026-08-20,2026-08-22,Delivered,FedEx
SHP-000266,ORD-00266,2026-08-17,2026-08-19,Delivered,BlueDart
SHP-000267,ORD-00267,2026-08-22,2026-08-24,Delivered,FedEx
SHP-000268,ORD-00268,2026-08-19,2026-08-21,Delivered,FedEx
SHP-000269,ORD-00269,2026-08-03,2026-08-05,Delivered,BlueDart
SHP-000270,ORD-00270,2026-08-05,2026-08-07,Delivered,FedEx
SHP-000271,ORD-00271,2026-08-10,2026-08-12,Delivered,FedEx
SHP-000272,ORD-00272,2026-08-06,2026-08-08,Delivered,FedEx
SHP-000273,ORD-00273,2026-09-02,2026-09-04,Delivered,FedEx
SHP-000274,ORD-00274,2026-08-27,2026-08-29,Delivered,Delhivery
SHP-000275,ORD-00275,2026-08-06,2026-08-08,Delivered,FedEx
SHP-000276,ORD-00276,2026-08-23,2026-08-25,Delivered,BlueDart
SHP-000277,ORD-00277,2026-08-02,2026-08-04,Delivered,Delhivery
SHP-000278,ORD-00278,2026-09-05,2026-09-07,Delivered,BlueDart
SHP-000279,ORD-00279,2026-08-03,2026-08-05,Delivered,FedEx
SHP-000280,ORD-00280,2026-08-23,2026-08-25,Delivered,Delhivery
SHP-000281,ORD-00281,2026-08-14,2026-08-16,Delivered,FedEx
SHP-000282,ORD-00282,2026-09-02,2026-09-04,Delivered,FedEx
SHP-000283,ORD-00283,2026-09-01,2026-09-03,Delivered,BlueDart
SHP-000284,ORD-00284,2026-08-27,2026-08-29,Delivered,Delhivery
SHP-000285,ORD-00285,2026-08-18,2026-08-20,Delivered,FedEx
SHP-000286,ORD-00286,2026-08-07,2026-08-09,Delivered,Delhivery
SHP-000287,ORD-00287,2026-08-17,2026-08-19,Delivered,Delhivery
SHP-000288,ORD-00288,2026-08-12,2026-08-14,Delivered,BlueDart
SHP-000289,ORD-00289,2026-08-11,2026-08-13,Delivered,FedEx
SHP-000290,ORD-00290,2026-08-02,2026-08-04,Delivered,BlueDart
SHP-000291,ORD-00291,2026-08-20,2026-08-22,Delivered,Delhivery
SHP-000292,ORD-00292,2026-08-11,2026-08-13,Delivered,BlueDart
SHP-000293,ORD-00293,2026-08-21,2026-08-23,Delivered,Delhivery
SHP-000294,ORD-00294,2026-08-28,2026-08-30,Delivered,FedEx
SHP-000295,ORD-00295,2026-08-06,2026-08-08,Delivered,BlueDart
SHP-000296,ORD-00296,2026-08-31,2026-09-02,Delivered,FedEx
SHP-000297,ORD-00297,2026-08-03,2026-08-05,Delivered,FedEx
SHP-000298,ORD-00298,2026-08-24,2026-08-26,Delivered,FedEx
SHP-000299,ORD-00299,2026-08-15,2026-08-17,Delivered,FedEx
SHP-000300,ORD-00300,2026-08-02,2026-08-04,Delivered,FedEx
SHP-000301,ORD-TEST-004,2026-08-21,2026-08-23,Delivered,BlueDart
SHP-000302,ORD-TEST-005,2026-08-23,2026-08-25,Delivered,FedEx
